geometry,physVelocity:0,physVelocity:1,physPressure,knudsen,Points:0,Points:1
2.00000000e+00,5.02504930e-02,-1.13413762e-02,8.50386322e-02,3.35228327e-03,2.00000000e+01,0.00000000e+00
2.00000000e+00,0.00000000e+00,0.00000000e+00,2.56965548e-01,7.01464899e-03,2.01000004e+01,0.00000000e+00
1.00000000e+00,1.30708724e-01,-6.66344026e-03,1.46703094e-01,3.62767209e-03,2.00000000e+01,1.00000001e-01
1.00000000e+00,1.21344745e-01,1.97284520e-02,1.93143308e-01,6.53772475e-03,2.01000004e+01,1.00000001e-01
2.00000000e+00,0.00000000e+00,0.00000000e+00,1.40868679e-01,4.89796605e-03,2.02000008e+01,0.00000000e+00
1.00000000e+00,1.04255334e-01,2.51106499e-03,1.24250129e-01,4.06009611e-03,2.02000008e+01,1.00000001e-01
2.00000000e+00,0.00000000e+00,0.00000000e+00,1.51654437e-01,3.30838119e-03,2.02999992e+01,0.00000000e+00
1.00000000e+00,1.02160111e-01,3.02038388e-03,1.65397897e-01,3.65050347e-03,2.02999992e+01,1.00000001e-01
2.00000000e+00,0.00000000e+00,0.00000000e+00,1.81722358e-01,4.70781885e-03,2.03999996e+01,0.00000000e+00
1.00000000e+00,1.10087916e-01,-1.06316414e-02,1.84248537e-01,4.83231712e-03,2.03999996e+01,1.00000001e-01
2.00000000e+00,0.00000000e+00,0.00000000e+00,1.63109064e-01,3.38213705e-03,2.05000000e+01,0.00000000e+00
1.00000000e+00,1.09394841e-01,8.45498405e-03,1.66222885e-01,3.77876614e-03,2.05000000e+01,1.00000001e-01
2.00000000e+00,0.00000000e+00,0.00000000e+00,1.62372351e-01,3.46638402e-03,2.06000004e+01,0.00000000e+00
1.00000000e+00,1.07429966e-01,-5.61075145e-03,1.52121887e-01,3.77918151e-03,2.06000004e+01,1.00000001e-01
2.00000000e+00,0.00000000e+00,0.00000000e+00,1.68507412e-01,4.45512217e-03,2.07000008e+01,0.00000000e+00
1.00000000e+00,1.15099818e-01,-3.44757247e-03,1.67931765e-01,4.82958509e-03,2.07000008e+01,1.00000001e-01
2.00000000e+00,0.00000000e+00,0.00000000e+00,1.64637804e-01,3.57359694e-03,2.07999992e+01,0.00000000e+00
1.00000000e+00,1.21688962e-01,-3.04738223e-03,1.74696639e-01,3.69687658e-03,2.07999992e+01,1.00000001e-01
2.00000000e+00,0.00000000e+00,0.00000000e+00,1.63139433e-01,4.71605640e-03,2.08999996e+01,0.00000000e+00
1.00000000e+00,1.24846637e-01,-2.82813888e-03,1.58241153e-01,4.57809214e-03,2.08999996e+01,1.00000001e-01
2.00000000e+00,0.00000000e+00,0.00000000e+00,1.60599187e-01,4.42611752e-03,2.10000000e+01,0.00000000e+00
1.00000000e+00,1.31193861e-01,-1.98090007e-03,1.53026626e-01,4.42234101e-03,2.10000000e+01,1.00000001e-01
2.00000000e+00,0.00000000e+00,0.00000000e+00,1.60318002e-01,5.06590120e-03,2.11000004e+01,0.00000000e+00
1.00000000e+00,1.40440971e-01,-8.02623201e-03,1.63899347e-01,5.05256746e-03,2.11000004e+01,1.00000001e-01
2.00000000e+00,0.00000000e+00,0.00000000e+00,1.54257327e-01,5.54229040e-03,2.12000008e+01,0.00000000e+00
1.00000000e+00,1.48218632e-01,-1.37546903e-03,1.61288783e-01,4.97731520e-03,2.12000008e+01,1.00000001e-01
2.00000000e+00,0.00000000e+00,0.00000000e+00,1.53857931e-01,5.71165653e-03,2.12999992e+01,0.00000000e+00
1.00000000e+00,1.58019751e-01,-1.23698618e-02,1.43412799e-01,4.90177516e-03,2.12999992e+01,1.00000001e-01
2.00000000e+00,0.00000000e+00,0.00000000e+00,1.42988309e-01,7.63134751e-03,2.13999996e+01,0.00000000e+00
1.00000000e+00,1.69868499e-01,8.65237974e-03,1.42585739e-01,7.11089280e-03,2.13999996e+01,1.00000001e-01
2.00000000e+00,0.00000000e+00,0.00000000e+00,1.57082647e-01,4.39639715e-03,2.15000000e+01,0.00000000e+00
1.00000000e+00,1.83039710e-01,-3.31837237e-02,1.50344938e-01,3.54277086e-03,2.15000000e+01,1.00000001e-01
2.00000000e+00,0.00000000e+00,0.00000000e+00,9.64211002e-02,1.36723379e-02,2.16000004e+01,0.00000000e+00
1.00000000e+00,2.03112841e-01,1.95794571e-02,1.31895989e-01,1.15559390e-02,2.16000004e+01,1.00000001e-01
2.00000000e+00,0.00000000e+00,0.00000000e+00,1.83792159e-01,1.37721200e-03,2.17000008e+01,0.00000000e+00
1.00000000e+00,2.08489761e-01,-3.65630537e-02,1.08311646e-01,2.93907849e-03,2.17000008e+01,1.00000001e-01
2.00000000e+00,0.00000000e+00,0.00000000e+00,6.70584142e-02,1.66100506e-02,2.17999992e+01,0.00000000e+00
1.00000000e+00,2.51241118e-01,3.46545763e-02,1.31321847e-01,1.85630247e-02,2.17999992e+01,1.00000001e-01
2.00000000e+00,0.00000000e+00,0.00000000e+00,1.08394556e-01,4.28232132e-03,2.18999996e+01,0.00000000e+00
1.00000000e+00,1.70039311e-01,-2.98826434e-02,1.07135326e-01,1.28754042e-02,2.18999996e+01,1.00000001e-01
2.00000000e+00,0.00000000e+00,0.00000000e+00,6.10866323e-02,2.52424851e-02,2.20000000e+01,0.00000000e+00
4.00000000e+00,4.78743285e-01,0.00000000e+00,0.00000000e+00,7.39463568e-02,2.20000000e+01,1.00000001e-01
1.00000000e+00,2.18863204e-01,-9.49683541e-04,1.88938320e-01,5.16222138e-03,2.00000000e+01,2.00000003e-01
1.00000000e+00,2.12138131e-01,7.32706115e-03,1.31892174e-01,4.11835080e-03,2.01000004e+01,2.00000003e-01
1.00000000e+00,2.16329694e-01,2.45360360e-02,1.84761360e-01,3.41529073e-03,2.02000008e+01,2.00000003e-01
1.00000000e+00,2.18429789e-01,-5.46659622e-03,1.83015034e-01,3.86577775e-03,2.02999992e+01,2.00000003e-01
1.00000000e+00,2.05682635e-01,-3.57117434e-03,1.46020129e-01,3.81424231e-03,2.03999996e+01,2.00000003e-01
1.00000000e+00,2.10778490e-01,2.41928664e-03,1.65238142e-01,4.08791145e-03,2.05000000e+01,2.00000003e-01
1.00000000e+00,2.22149715e-01,-1.20024588e-02,1.76366359e-01,3.15359398e-03,2.06000004e+01,2.00000003e-01
1.00000000e+00,2.25686267e-01,-8.01319722e-03,1.64204061e-01,3.97724193e-03,2.07000008e+01,2.00000003e-01
1.00000000e+00,2.29367644e-01,-7.92728551e-03,1.57441676e-01,3.50439828e-03,2.07999992e+01,2.00000003e-01
1.00000000e+00,2.39779130e-01,-1.17475213e-02,1.64668024e-01,4.35121031e-03,2.08999996e+01,2.00000003e-01
1.00000000e+00,2.50484228e-01,-1.24498578e-02,1.65156826e-01,3.56575195e-03,2.10000000e+01,2.00000003e-01
1.00000000e+00,2.60888696e-01,-1.61921661e-02,1.54186562e-01,4.28689085e-03,2.11000004e+01,2.00000003e-01
1.00000000e+00,2.70815223e-01,-1.30702611e-02,1.54021010e-01,3.99785489e-03,2.12000008e+01,2.00000003e-01
1.00000000e+00,2.88554311e-01,-2.86374725e-02,1.52707562e-01,3.86783900e-03,2.12999992e+01,2.00000003e-01
1.00000000e+00,3.07696968e-01,-7.53768813e-03,1.45412430e-01,6.20233919e-03,2.13999996e+01,2.00000003e-01
1.00000000e+00,3.27078968e-01,-4.82627116e-02,1.34910062e-01,1.56647840e-03,2.15000000e+01,2.00000003e-01
1.00000000e+00,3.38461399e-01,-1.07611250e-02,1.48530483e-01,8.28311965e-03,2.16000004e+01,2.00000003e-01
1.00000000e+00,3.99062216e-01,-5.04631847e-02,9.35519859e-02,4.69608419e-03,2.17000008e+01,2.00000003e-01
1.00000000e+00,3.83917302e-01,5.03315474e-04,1.17884122e-01,1.17153171e-02,2.17999992e+01,2.00000003e-01
1.00000000e+00,5.12648940e-01,-7.61666000e-02,9.62758884e-02,8.46597645e-03,2.18999996e+01,2.00000003e-01
4.00000000e+00,4.44537193e-01,0.00000000e+00,0.00000000e+00,5.26925735e-02,2.20000000e+01,2.00000003e-01
1.00000000e+00,3.18642348e-01,7.55258650e-03,2.09371954e-01,4.86513739e-03,2.00000000e+01,3.00000012e-01
1.00000000e+00,3.11835229e-01,1.56607218e-02,1.62904218e-01,4.49661538e-03,2.01000004e+01,3.00000012e-01
1.00000000e+00,3.11837345e-01,2.16900948e-02,1.93020985e-01,3.45081207e-03,2.02000008e+01,3.00000012e-01
1.00000000e+00,3.13134283e-01,-8.43751896e-03,1.58853605e-01,5.36146061e-03,2.02999992e+01,3.00000012e-01
1.00000000e+00,3.12574863e-01,1.63447636e-03,1.55949786e-01,3.11855320e-03,2.03999996e+01,3.00000012e-01
1.00000000e+00,3.23206425e-01,-1.22220973e-02,1.74297050e-01,4.36619204e-03,2.05000000e+01,3.00000012e-01
1.00000000e+00,3.26391488e-01,-1.31348642e-02,1.73942804e-01,3.35861882e-03,2.06000004e+01,3.00000012e-01
1.00000000e+00,3.28008592e-01,-1.24250287e-02,1.60918623e-01,4.34210338e-03,2.07000008e+01,3.00000012e-01
1.00000000e+00,3.35719079e-01,-1.77164581e-02,1.58098683e-01,3.32544441e-03,2.07999992e+01,3.00000012e-01
1.00000000e+00,3.46588016e-01,-2.12372504e-02,1.67613879e-01,4.29881038e-03,2.08999996e+01,3.00000012e-01
1.00000000e+00,3.53840113e-01,-2.30377354e-02,1.67397633e-01,3.12950509e-03,2.10000000e+01,3.00000012e-01
1.00000000e+00,3.65323842e-01,-2.67833900e-02,1.51761994e-01,4.29882528e-03,2.11000004e+01,3.00000012e-01
1.00000000e+00,3.79550546e-01,-2.75672805e-02,1.50559232e-01,3.63505422e-03,2.12000008e+01,3.00000012e-01
1.00000000e+00,3.93384993e-01,-4.44567204e-02,1.60046905e-01,3.42904287e-03,2.12999992e+01,3.00000012e-01
1.00000000e+00,4.11104351e-01,-3.26919556e-02,1.52431816e-01,5.08292625e-03,2.13999996e+01,3.00000012e-01
1.00000000e+00,4.35531706e-01,-5.67811653e-02,1.22207657e-01,3.84254544e-03,2.15000000e+01,3.00000012e-01
1.00000000e+00,4.56557989e-01,-4.00187820e-02,1.44965127e-01,7.10726948e-03,2.16000004e+01,3.00000012e-01
1.00000000e+00,4.72666502e-01,-9.04831663e-02,1.32745042e-01,9.88851208e-03,2.17000008e+01,3.00000012e-01
1.00000000e+00,5.54998457e-01,-1.51823945e-02,9.36731771e-02,1.53411599e-02,2.17999992e+01,3.00000012e-01
1.00000000e+00,5.37941217e-01,-2.55641341e-01,7.58161470e-02,2.97447350e-02,2.18999996e+01,3.00000012e-01
4.00000000e+00,8.34437966e-01,0.00000000e+00,0.00000000e+00,1.32570729e-01,2.20000000e+01,3.00000012e-01
1.00000000e+00,4.18260843e-01,1.35852909e-02,2.15121061e-01,3.81145091e-03,2.00000000e+01,4.00000006e-01
1.00000000e+00,4.19004977e-01,2.62426380e-02,1.98877886e-01,4.32820339e-03,2.01000004e+01,4.00000006e-01
1.00000000e+00,4.21559840e-01,7.08234916e-03,1.49850577e-01,3.13936733e-03,2.02000008e+01,4.00000006e-01
1.00000000e+00,4.23885882e-01,-3.81475314e-03,1.60034925e-01,3.99270048e-03,2.02999992e+01,4.00000006e-01
1.00000000e+00,4.27532554e-01,-2.21139798e-03,1.97188258e-01,2.64466018e-03,2.03999996e+01,4.00000006e-01
1.00000000e+00,4.26941901e-01,-1.55368326e-02,1.66320443e-01,4.47838055e-03,2.05000000e+01,4.00000006e-01
1.00000000e+00,4.23475444e-01,-1.34726744e-02,1.50832489e-01,2.72662099e-03,2.06000004e+01,4.00000006e-01
1.00000000e+00,4.31432754e-01,-2.04962585e-02,1.71993792e-01,4.00617020e-03,2.07000008e+01,4.00000006e-01
1.00000000e+00,4.38785255e-01,-2.53591761e-02,1.77458331e-01,2.44933926e-03,2.07999992e+01,4.00000006e-01
1.00000000e+00,4.43188399e-01,-2.65867934e-02,1.57550707e-01,3.97901144e-03,2.08999996e+01,4.00000006e-01
1.00000000e+00,4.48174596e-01,-3.27959657e-02,1.55772775e-01,2.41049472e-03,2.10000000e+01,4.00000006e-01
1.00000000e+00,4.61163133e-01,-3.93351316e-02,1.66755438e-01,3.97852156e-03,2.11000004e+01,4.00000006e-01
1.00000000e+00,4.72849876e-01,-4.37675938e-02,1.60522640e-01,2.59575038e-03,2.12000008e+01,4.00000006e-01
1.00000000e+00,4.87568587e-01,-5.16501591e-02,1.46156013e-01,3.57229775e-03,2.12999992e+01,4.00000006e-01
1.00000000e+00,4.93925929e-01,-6.30668700e-02,1.56369135e-01,1.98133104e-03,2.13999996e+01,4.00000006e-01
1.00000000e+00,5.28829873e-01,-6.47410676e-02,1.39708355e-01,5.62018855e-03,2.15000000e+01,4.00000006e-01
1.00000000e+00,5.30884564e-01,-9.19577628e-02,1.36157796e-01,4.10027336e-03,2.16000004e+01,4.00000006e-01
1.00000000e+00,5.83449006e-01,-9.57114771e-02,1.33963823e-01,4.44126315e-03,2.17000008e+01,4.00000006e-01
1.00000000e+00,5.68454802e-01,-9.65217426e-02,1.02915034e-01,7.82557391e-03,2.17999992e+01,4.00000006e-01
1.00000000e+00,6.75979376e-01,-2.14781433e-01,1.10030234e-01,1.48360599e-02,2.18999996e+01,4.00000006e-01
4.00000000e+00,4.56858635e-01,0.00000000e+00,0.00000000e+00,5.77376112e-02,2.20000000e+01,4.00000006e-01
1.00000000e+00,5.05930245e-01,1.05611961e-02,2.11051911e-01,3.24957236e-03,2.00000000e+01,5.00000000e-01
1.00000000e+00,5.17747760e-01,1.87191050e-02,1.86672106e-01,3.94752668e-03,2.01000004e+01,5.00000000e-01
1.00000000e+00,5.23566067e-01,5.10807382e-03,1.72349662e-01,1.91646605e-03,2.02000008e+01,5.00000000e-01
1.00000000e+00,5.19402146e-01,3.48836463e-03,1.84731528e-01,3.51211452e-03,2.02999992e+01,5.00000000e-01
1.00000000e+00,5.18359601e-01,-9.33866668e-03,1.72741771e-01,2.81084259e-03,2.03999996e+01,5.00000000e-01
1.00000000e+00,5.19253135e-01,-1.22968415e-02,1.62451267e-01,3.75548517e-03,2.05000000e+01,5.00000000e-01
1.00000000e+00,5.22673488e-01,-1.72000676e-02,1.74465984e-01,2.23082374e-03,2.06000004e+01,5.00000000e-01
1.00000000e+00,5.26080787e-01,-2.50776969e-02,1.73282623e-01,3.81067209e-03,2.07000008e+01,5.00000000e-01
1.00000000e+00,5.25224745e-01,-2.83586234e-02,1.66848466e-01,2.22200505e-03,2.07999992e+01,5.00000000e-01
1.00000000e+00,5.30166268e-01,-3.31528448e-02,1.62980586e-01,3.89757915e-03,2.08999996e+01,5.00000000e-01
1.00000000e+00,5.39255619e-01,-4.10371944e-02,1.64167210e-01,2.04994227e-03,2.10000000e+01,5.00000000e-01
1.00000000e+00,5.45562863e-01,-4.83180657e-02,1.67352304e-01,3.55973304e-03,2.11000004e+01,5.00000000e-01
1.00000000e+00,5.51304936e-01,-5.57637438e-02,1.65056914e-01,1.90242415e-03,2.12000008e+01,5.00000000e-01
1.00000000e+00,5.66139758e-01,-6.19884543e-02,1.46135926e-01,4.19132831e-03,2.12999992e+01,5.00000000e-01
1.00000000e+00,5.77343583e-01,-7.86989555e-02,1.58437580e-01,2.44836626e-03,2.13999996e+01,5.00000000e-01
1.00000000e+00,5.90769947e-01,-8.89883563e-02,1.58247590e-01,4.73554386e-03,2.15000000e+01,5.00000000e-01
1.00000000e+00,6.15289450e-01,-8.97974670e-02,1.42201290e-01,3.29266279e-03,2.16000004e+01,5.00000000e-01
1.00000000e+00,6.23282790e-01,-1.69363663e-01,1.23740658e-01,7.09071010e-03,2.17000008e+01,5.00000000e-01
1.00000000e+00,7.21144557e-01,-6.00245222e-02,1.15791976e-01,1.82559583e-02,2.17999992e+01,5.00000000e-01
1.00000000e+00,6.44425988e-01,-3.53563815e-01,1.34320945e-01,3.66651565e-02,2.18999996e+01,5.00000000e-01
4.00000000e+00,1.01394963e+00,0.00000000e+00,0.00000000e+00,1.79182321e-01,2.20000000e+01,5.00000000e-01
1.00000000e+00,5.85588396e-01,4.22046054e-03,2.01544553e-01,2.75509153e-03,2.00000000e+01,6.00000024e-01
1.00000000e+00,5.93089700e-01,7.24044396e-03,1.74491227e-01,2.95475964e-03,2.01000004e+01,6.00000024e-01
1.00000000e+00,5.96743464e-01,8.06104112e-03,2.01817751e-01,1.54986733e-03,2.02000008e+01,6.00000024e-01
1.00000000e+00,6.01064146e-01,8.54294747e-04,1.84902593e-01,3.25057004e-03,2.02999992e+01,6.00000024e-01
1.00000000e+00,6.02734625e-01,-1.09621454e-02,1.55387715e-01,1.66959525e-03,2.03999996e+01,6.00000024e-01
1.00000000e+00,6.03091717e-01,-1.08052799e-02,1.81765094e-01,2.92124040e-03,2.05000000e+01,6.00000024e-01
1.00000000e+00,6.04230642e-01,-2.12004036e-02,1.88932270e-01,1.67937693e-03,2.06000004e+01,6.00000024e-01
1.00000000e+00,6.04121208e-01,-2.41962187e-02,1.61613211e-01,3.40363220e-03,2.07000008e+01,6.00000024e-01
1.00000000e+00,6.05007470e-01,-3.16672288e-02,1.61949575e-01,1.40599313e-03,2.07999992e+01,6.00000024e-01
1.00000000e+00,6.10778809e-01,-3.90837863e-02,1.80935219e-01,3.13350745e-03,2.08999996e+01,6.00000024e-01
1.00000000e+00,6.13811672e-01,-4.70298827e-02,1.74487025e-01,1.23893016e-03,2.10000000e+01,6.00000024e-01
1.00000000e+00,6.18322432e-01,-5.09059094e-02,1.55920595e-01,3.50051839e-03,2.11000004e+01,6.00000024e-01
1.00000000e+00,6.21259272e-01,-6.88153133e-02,1.67106181e-01,6.71738409e-04,2.12000008e+01,6.00000024e-01
1.00000000e+00,6.36103988e-01,-6.85721189e-02,1.69371694e-01,4.96183662e-03,2.12999992e+01,6.00000024e-01
1.00000000e+00,6.37816548e-01,-9.72168148e-02,1.62199974e-01,1.91453821e-03,2.13999996e+01,6.00000024e-01
1.00000000e+00,6.55211508e-01,-9.71603617e-02,1.53198153e-01,4.93191462e-03,2.15000000e+01,6.00000024e-01
1.00000000e+00,6.56892180e-01,-1.18615679e-01,1.54184431e-01,2.24634772e-03,2.16000004e+01,6.00000024e-01
1.00000000e+00,6.89551771e-01,-1.69031709e-01,1.60652056e-01,2.87488219e-03,2.17000008e+01,6.00000024e-01
1.00000000e+00,6.34334803e-01,-1.28688008e-01,1.31510705e-01,1.21326679e-02,2.17999992e+01,6.00000024e-01
1.00000000e+00,7.68104613e-01,-3.02367836e-01,1.28998950e-01,2.55653057e-02,2.18999996e+01,6.00000024e-01
4.00000000e+00,3.97669673e-01,0.00000000e+00,0.00000000e+00,6.67706057e-02,2.20000000e+01,6.00000024e-01
1.00000000e+00,6.57222807e-01,-2.38087773e-03,1.91072568e-01,2.53503909e-03,2.00000000e+01,6.99999988e-01
1.00000000e+00,6.60602868e-01,5.15966909e-03,1.95408434e-01,2.87167309e-03,2.01000004e+01,6.99999988e-01
1.00000000e+00,6.64989054e-01,2.80346093e-03,1.86132088e-01,1.96881895e-03,2.02000008e+01,6.99999988e-01
1.00000000e+00,6.70297205e-01,-5.96614275e-03,1.76195294e-01,2.85820663e-03,2.02999992e+01,6.99999988e-01
1.00000000e+00,6.71374261e-01,-6.94338745e-03,1.87794566e-01,1.33228663e-03,2.03999996e+01,6.99999988e-01
1.00000000e+00,6.71437621e-01,-1.29958726e-02,1.84307367e-01,3.05869756e-03,2.05000000e+01,6.99999988e-01
1.00000000e+00,6.71542048e-01,-2.26734784e-02,1.67312145e-01,1.36100315e-03,2.06000004e+01,6.99999988e-01
1.00000000e+00,6.72637939e-01,-2.39886884e-02,1.76294580e-01,2.94819055e-03,2.07000008e+01,6.99999988e-01
1.00000000e+00,6.75207675e-01,-3.48885544e-02,1.83276266e-01,1.12222659e-03,2.07999992e+01,6.99999988e-01
1.00000000e+00,6.75496995e-01,-4.04599570e-02,1.72247067e-01,3.06149037e-03,2.08999996e+01,6.99999988e-01
1.00000000e+00,6.74270093e-01,-5.01004979e-02,1.71515003e-01,7.70120765e-04,2.10000000e+01,6.99999988e-01
1.00000000e+00,6.80823624e-01,-5.58558628e-02,1.71947226e-01,3.52727924e-03,2.11000004e+01,6.99999988e-01
1.00000000e+00,6.85410202e-01,-7.43475705e-02,1.75171331e-01,8.29586468e-04,2.12000008e+01,6.99999988e-01
1.00000000e+00,6.86406672e-01,-7.68440738e-02,1.74314573e-01,4.10524569e-03,2.12999992e+01,6.99999988e-01
1.00000000e+00,6.93368256e-01,-9.69247147e-02,1.70209154e-01,1.01407664e-03,2.13999996e+01,6.99999988e-01
1.00000000e+00,6.96496964e-01,-1.19294204e-01,1.64312467e-01,2.61944789e-03,2.15000000e+01,6.99999988e-01
1.00000000e+00,7.25395858e-01,-1.15429021e-01,1.65388644e-01,3.63441277e-03,2.16000004e+01,6.99999988e-01
1.00000000e+00,7.05501974e-01,-2.00378045e-01,1.73813239e-01,7.15636183e-03,2.17000008e+01,6.99999988e-01
1.00000000e+00,8.02812934e-01,-9.21425000e-02,1.58842787e-01,1.90865435e-02,2.17999992e+01,6.99999988e-01
1.00000000e+00,6.72225416e-01,-3.94478083e-01,1.40627518e-01,3.51364538e-02,2.18999996e+01,6.99999988e-01
4.00000000e+00,1.14241230e+00,0.00000000e+00,0.00000000e+00,2.14706898e-01,2.20000000e+01,6.99999988e-01
1.00000000e+00,7.20896065e-01,-7.77769927e-03,1.84221506e-01,2.29465240e-03,2.00000000e+01,8.00000012e-01
1.00000000e+00,7.24632204e-01,2.45152274e-03,2.04352275e-01,2.83389585e-03,2.01000004e+01,8.00000012e-01
1.00000000e+00,7.29552329e-01,-4.00287705e-03,1.76016569e-01,1.56768388e-03,2.02000008e+01,8.00000012e-01
1.00000000e+00,7.30170786e-01,-5.66771999e-03,1.85231999e-01,2.51811300e-03,2.02999992e+01,8.00000012e-01
1.00000000e+00,7.30489731e-01,-7.57598504e-03,1.99955210e-01,1.27168896e-03,2.03999996e+01,8.00000012e-01
1.00000000e+00,7.31899559e-01,-1.50271347e-02,1.75862014e-01,2.58148299e-03,2.05000000e+01,8.00000012e-01
1.00000000e+00,7.31304109e-01,-2.09101681e-02,1.71931967e-01,7.81093666e-04,2.06000004e+01,8.00000012e-01
1.00000000e+00,7.30696619e-01,-2.48697400e-02,1.92153558e-01,2.61853542e-03,2.07000008e+01,8.00000012e-01
1.00000000e+00,7.30024457e-01,-3.64367813e-02,1.85185805e-01,8.57735344e-04,2.07999992e+01,8.00000012e-01
1.00000000e+00,7.30816424e-01,-3.82067375e-02,1.67452693e-01,2.94942199e-03,2.08999996e+01,8.00000012e-01
1.00000000e+00,7.29322970e-01,-5.42480126e-02,1.81420609e-01,6.71450165e-04,2.10000000e+01,8.00000012e-01
1.00000000e+00,7.33273149e-01,-5.73011972e-02,1.89301714e-01,3.40852095e-03,2.11000004e+01,8.00000012e-01
1.00000000e+00,7.30200112e-01,-7.72162974e-02,1.78588331e-01,1.48785592e-03,2.12000008e+01,8.00000012e-01
1.00000000e+00,7.33203530e-01,-7.84688890e-02,1.74000040e-01,3.99592053e-03,2.12999992e+01,8.00000012e-01
1.00000000e+00,7.34869599e-01,-1.05371557e-01,1.80847138e-01,2.81019183e-03,2.13999996e+01,8.00000012e-01
1.00000000e+00,7.41381645e-01,-1.17925018e-01,1.95113122e-01,3.58165614e-03,2.15000000e+01,8.00000012e-01
1.00000000e+00,7.22600758e-01,-1.30511820e-01,1.80906117e-01,4.52534668e-03,2.16000004e+01,8.00000012e-01
1.00000000e+00,7.53413796e-01,-1.93197876e-01,1.80255339e-01,8.01080372e-03,2.17000008e+01,8.00000012e-01
1.00000000e+00,6.61793292e-01,-1.37558982e-01,1.69453189e-01,1.88643318e-02,2.17999992e+01,8.00000012e-01
1.00000000e+00,8.22393000e-01,-3.21122766e-01,2.06458226e-01,3.25273536e-02,2.18999996e+01,8.00000012e-01
4.00000000e+00,3.02995801e-01,0.00000000e+00,0.00000000e+00,7.29347169e-02,2.20000000e+01,8.00000012e-01
1.00000000e+00,7.77547777e-01,-8.29388574e-03,1.90190732e-01,1.72592874e-03,2.00000000e+01,8.99999976e-01
1.00000000e+00,7.80003309e-01,-3.64454044e-03,1.90491468e-01,2.34922091e-03,2.01000004e+01,8.99999976e-01
1.00000000e+00,7.82007337e-01,-5.12294844e-03,1.98461384e-01,9.83491656e-04,2.02000008e+01,8.99999976e-01
1.00000000e+00,7.80924261e-01,-2.42170785e-03,1.95593640e-01,2.28209584e-03,2.02999992e+01,8.99999976e-01
1.00000000e+00,7.81130672e-01,-1.18924752e-02,1.78457767e-01,1.05984428e-03,2.03999996e+01,8.99999976e-01
1.00000000e+00,7.81422615e-01,-1.35169895e-02,1.85354158e-01,2.17072293e-03,2.05000000e+01,8.99999976e-01
1.00000000e+00,7.80736268e-01,-1.89519208e-02,1.98394552e-01,7.90241000e-04,2.06000004e+01,8.99999976e-01
1.00000000e+00,7.79123068e-01,-2.54207663e-02,1.82750940e-01,2.51436140e-03,2.07000008e+01,8.99999976e-01
1.00000000e+00,7.77211845e-01,-3.49976085e-02,1.77078202e-01,5.79261512e-04,2.07999992e+01,8.99999976e-01
1.00000000e+00,7.76787579e-01,-3.72350849e-02,1.91501826e-01,2.96245911e-03,2.08999996e+01,8.99999976e-01
1.00000000e+00,7.75704682e-01,-5.50166667e-02,1.93590522e-01,8.11170321e-04,2.10000000e+01,8.99999976e-01
1.00000000e+00,7.72851110e-01,-5.64138554e-02,1.80664778e-01,3.25792795e-03,2.11000004e+01,8.99999976e-01
1.00000000e+00,7.71066666e-01,-7.34221265e-02,1.87433556e-01,1.23280112e-03,2.12000008e+01,8.99999976e-01
1.00000000e+00,7.70673752e-01,-8.63318071e-02,1.96628198e-01,2.82406993e-03,2.12999992e+01,8.99999976e-01
1.00000000e+00,7.76372194e-01,-9.83583778e-02,1.90490976e-01,1.22240919e-03,2.13999996e+01,8.99999976e-01
1.00000000e+00,7.59854019e-01,-1.26885965e-01,1.98933303e-01,7.19924225e-04,2.15000000e+01,8.99999976e-01
1.00000000e+00,7.87694395e-01,-1.14166483e-01,1.97883129e-01,3.21898051e-03,2.16000004e+01,8.99999976e-01
1.00000000e+00,7.38961577e-01,-1.99766263e-01,2.03039959e-01,5.82156656e-03,2.17000008e+01,8.99999976e-01
1.00000000e+00,8.50746036e-01,-1.13462560e-01,2.12516800e-01,1.97733995e-02,2.17999992e+01,8.99999976e-01
1.00000000e+00,6.63924217e-01,-3.72415155e-01,1.90602779e-01,3.19257081e-02,2.18999996e+01,8.99999976e-01
4.00000000e+00,1.21949351e+00,0.00000000e+00,0.00000000e+00,2.44208679e-01,2.20000000e+01,8.99999976e-01
1.00000000e+00,8.24534416e-01,-7.50639709e-03,1.99612290e-01,1.28399290e-03,2.00000000e+01,1.00000000e+00
1.00000000e+00,8.22037220e-01,-4.60778549e-03,1.87899023e-01,2.01033195e-03,2.01000004e+01,1.00000000e+00
1.00000000e+00,8.21471035e-01,-4.92147682e-03,2.02859551e-01,8.73177953e-04,2.02000008e+01,1.00000000e+00
1.00000000e+00,8.24055791e-01,-3.85241257e-03,1.92918122e-01,2.02754117e-03,2.02999992e+01,1.00000000e+00
1.00000000e+00,8.24810505e-01,-1.19429724e-02,1.84424400e-01,7.99563131e-04,2.03999996e+01,1.00000000e+00
1.00000000e+00,8.23169768e-01,-1.09422291e-02,1.98536649e-01,1.99159607e-03,2.05000000e+01,1.00000000e+00
1.00000000e+00,8.21433306e-01,-1.93827040e-02,1.95451111e-01,7.91774131e-04,2.06000004e+01,1.00000000e+00
1.00000000e+00,8.20829034e-01,-2.29004435e-02,1.82303369e-01,2.17282190e-03,2.07000008e+01,1.00000000e+00
1.00000000e+00,8.18230629e-01,-3.31899114e-02,1.92064866e-01,7.07420812e-04,2.07999992e+01,1.00000000e+00
1.00000000e+00,8.15416336e-01,-3.51286754e-02,2.01854914e-01,2.90704379e-03,2.08999996e+01,1.00000000e+00
1.00000000e+00,8.11706305e-01,-5.28333262e-02,1.90334901e-01,1.47882814e-03,2.10000000e+01,1.00000000e+00
1.00000000e+00,8.09484065e-01,-5.24291471e-02,1.88698769e-01,3.49655398e-03,2.11000004e+01,1.00000000e+00
1.00000000e+00,8.05466712e-01,-7.43793175e-02,2.03277707e-01,2.22165580e-03,2.12000008e+01,1.00000000e+00
1.00000000e+00,8.03548694e-01,-8.18634927e-02,2.08395496e-01,3.14920512e-03,2.12999992e+01,1.00000000e+00
1.00000000e+00,7.91304946e-01,-9.36980397e-02,2.00931564e-01,2.49747746e-03,2.13999996e+01,1.00000000e+00
1.00000000e+00,7.93948054e-01,-1.21052645e-01,2.10834965e-01,4.15726146e-03,2.15000000e+01,1.00000000e+00
1.00000000e+00,7.65690744e-01,-1.18701957e-01,2.06717983e-01,7.56373955e-03,2.16000004e+01,1.00000000e+00
1.00000000e+00,8.01851749e-01,-1.82944626e-01,2.45310307e-01,1.35803660e-02,2.17000008e+01,1.00000000e+00
1.00000000e+00,6.56207919e-01,-1.27195343e-01,2.25364700e-01,2.51812376e-02,2.17999992e+01,1.00000000e+00
1.00000000e+00,8.39072466e-01,-2.75730401e-01,2.39912450e-01,3.88610251e-02,2.18999996e+01,1.00000000e+00
4.00000000e+00,1.96369305e-01,0.00000000e+00,0.00000000e+00,7.81400278e-02,2.20000000e+01,1.00000000e+00
1.00000000e+00,8.58246565e-01,-7.61865731e-03,2.06213757e-01,9.57215438e-04,2.00000000e+01,1.10000002e+00
1.00000000e+00,8.58020186e-01,-1.90480216e-03,2.01382801e-01,1.64042949e-03,2.01000004e+01,1.10000002e+00
1.00000000e+00,8.58865261e-01,-6.43200055e-03,1.89197123e-01,9.42743558e-04,2.02000008e+01,1.10000002e+00
1.00000000e+00,8.59669268e-01,-7.35899387e-03,1.93832144e-01,1.81625772e-03,2.02999992e+01,1.10000002e+00
1.00000000e+00,8.59728634e-01,-8.83385632e-03,2.06678659e-01,8.35916959e-04,2.03999996e+01,1.10000002e+00
1.00000000e+00,8.59120846e-01,-1.07157221e-02,1.95043340e-01,2.12022406e-03,2.05000000e+01,1.10000002e+00
1.00000000e+00,8.57560456e-01,-1.90604534e-02,1.86083019e-01,6.22886466e-04,2.06000004e+01,1.10000002e+00
1.00000000e+00,8.55934978e-01,-1.92510225e-02,2.01943994e-01,2.19962304e-03,2.07000008e+01,1.10000002e+00
1.00000000e+00,8.52281630e-01,-3.01302653e-02,2.05829278e-01,7.10409076e-04,2.07999992e+01,1.10000002e+00
1.00000000e+00,8.47584963e-01,-3.35231572e-02,1.91981524e-01,2.43650866e-03,2.08999996e+01,1.10000002e+00
1.00000000e+00,8.45216036e-01,-4.59875576e-02,1.94673285e-01,1.19527138e-03,2.10000000e+01,1.10000002e+00
1.00000000e+00,8.38220239e-01,-5.10813445e-02,2.15525597e-01,3.11818812e-03,2.11000004e+01,1.10000002e+00
1.00000000e+00,8.35828483e-01,-6.85070530e-02,2.09279716e-01,1.86845893e-03,2.12000008e+01,1.10000002e+00
1.00000000e+00,8.24012041e-01,-7.68723860e-02,2.01981381e-01,2.38293037e-03,2.12999992e+01,1.10000002e+00
1.00000000e+00,8.26557100e-01,-8.40525031e-02,2.18211249e-01,1.54858094e-03,2.13999996e+01,1.10000002e+00
1.00000000e+00,8.06910217e-01,-1.18612222e-01,2.33044222e-01,1.45285937e-03,2.15000000e+01,1.10000002e+00
1.00000000e+00,8.29719961e-01,-1.00067325e-01,2.32550040e-01,5.44158509e-03,2.16000004e+01,1.10000002e+00
1.00000000e+00,7.52826452e-01,-1.76828787e-01,2.32257292e-01,8.38804059e-03,2.17000008e+01,1.10000002e+00
1.00000000e+00,8.84534717e-01,-9.16144773e-02,2.54988730e-01,2.34351736e-02,2.17999992e+01,1.10000002e+00
1.00000000e+00,6.62791193e-01,-3.04148018e-01,2.38067150e-01,3.42573598e-02,2.18999996e+01,1.10000002e+00
4.00000000e+00,1.28315365e+00,0.00000000e+00,0.00000000e+00,2.67381579e-01,2.20000000e+01,1.10000002e+00
1.00000000e+00,8.82521033e-01,-9.07515548e-03,2.09907934e-01,9.02500353e-04,2.00000000e+01,1.20000005e+00
1.00000000e+00,8.87423515e-01,-3.91030451e-03,2.03661785e-01,1.35635049e-03,2.01000004e+01,1.20000005e+00
1.00000000e+00,8.89737487e-01,-6.90006651e-03,1.94844589e-01,7.47007667e-04,2.02000008e+01,1.20000005e+00
1.00000000e+00,8.89321148e-01,-7.36359460e-03,2.03347936e-01,1.53085729e-03,2.02999992e+01,1.20000005e+00
1.00000000e+00,8.89960349e-01,-8.76774546e-03,2.02849314e-01,8.21602473e-04,2.03999996e+01,1.20000005e+00
1.00000000e+00,8.89976323e-01,-1.01331361e-02,1.94818825e-01,1.93451229e-03,2.05000000e+01,1.20000005e+00
1.00000000e+00,8.87650132e-01,-1.62654128e-02,2.02600509e-01,9.12610150e-04,2.06000004e+01,1.20000005e+00
1.00000000e+00,8.84724617e-01,-1.60498135e-02,2.06679493e-01,2.19116267e-03,2.07000008e+01,1.20000005e+00
1.00000000e+00,8.80221426e-01,-2.61326153e-02,1.99954182e-01,1.01841334e-03,2.07999992e+01,1.20000005e+00
1.00000000e+00,8.76261950e-01,-2.90760770e-02,2.02357650e-01,2.18007015e-03,2.08999996e+01,1.20000005e+00
1.00000000e+00,8.70934188e-01,-4.11850028e-02,2.12005019e-01,1.49097433e-03,2.10000000e+01,1.20000005e+00
1.00000000e+00,8.63031507e-01,-4.43845019e-02,2.17987508e-01,2.83795968e-03,2.11000004e+01,1.20000005e+00
1.00000000e+00,8.55580449e-01,-6.03056476e-02,2.07672223e-01,2.78220815e-03,2.12000008e+01,1.20000005e+00
1.00000000e+00,8.49122882e-01,-6.81343675e-02,2.24471986e-01,3.75993480e-03,2.12999992e+01,1.20000005e+00
1.00000000e+00,8.32662761e-01,-8.06851536e-02,2.31428578e-01,4.10194509e-03,2.13999996e+01,1.20000005e+00
1.00000000e+00,8.37128758e-01,-1.07537366e-01,2.37496093e-01,6.01755735e-03,2.15000000e+01,1.20000005e+00
1.00000000e+00,7.84212828e-01,-8.44215974e-02,2.45856628e-01,9.08297859e-03,2.16000004e+01,1.20000005e+00
1.00000000e+00,8.32335413e-01,-1.52632698e-01,2.61709034e-01,1.44398306e-02,2.17000008e+01,1.20000005e+00
1.00000000e+00,6.64524615e-01,-1.02219999e-01,2.43323505e-01,2.92268153e-02,2.17999992e+01,1.20000005e+00
1.00000000e+00,8.60153854e-01,-2.10017189e-01,3.28406811e-01,4.41830531e-02,2.18999996e+01,1.20000005e+00
4.00000000e+00,1.23178385e-01,0.00000000e+00,0.00000000e+00,9.40187573e-02,2.20000000e+01,1.20000005e+00
1.00000000e+00,8.99523675e-01,-1.38627551e-02,2.06992224e-01,6.83062128e-04,2.00000000e+01,1.29999995e+00
1.00000000e+00,9.05439734e-01,-1.00566205e-02,2.01104030e-01,1.05256948e-03,2.01000004e+01,1.29999995e+00
1.00000000e+00,9.09108758e-01,-7.83250388e-03,2.12537244e-01,6.40033453e-04,2.02000008e+01,1.29999995e+00
1.00000000e+00,9.10885394e-01,-6.93206582e-03,2.05499545e-01,1.18757144e-03,2.02999992e+01,1.29999995e+00
1.00000000e+00,9.11960602e-01,-1.06581561e-02,1.94049954e-01,5.80656750e-04,2.03999996e+01,1.29999995e+00
1.00000000e+00,9.10878062e-01,-8.56640562e-03,2.07395226e-01,1.51410664e-03,2.05000000e+01,1.29999995e+00
1.00000000e+00,9.10004854e-01,-1.29990382e-02,2.13702857e-01,9.28509864e-04,2.06000004e+01,1.29999995e+00
1.00000000e+00,9.06453013e-01,-1.38141550e-02,2.00389668e-01,2.01864191e-03,2.07000008e+01,1.29999995e+00
1.00000000e+00,9.02890384e-01,-2.11690161e-02,2.03792572e-01,1.21481635e-03,2.07999992e+01,1.29999995e+00
1.00000000e+00,8.97558272e-01,-2.35698335e-02,2.19669193e-01,2.20928877e-03,2.08999996e+01,1.29999995e+00
1.00000000e+00,8.90616298e-01,-3.31687629e-02,2.18058959e-01,1.49356166e-03,2.10000000e+01,1.29999995e+00
1.00000000e+00,8.81233037e-01,-4.07125913e-02,2.12406978e-01,1.85865595e-03,2.11000004e+01,1.29999995e+00
1.00000000e+00,8.79776955e-01,-4.71738428e-02,2.19354004e-01,1.62688212e-03,2.12000008e+01,1.29999995e+00
1.00000000e+00,8.59600604e-01,-6.15458339e-02,2.47068152e-01,2.57914816e-03,2.12999992e+01,1.29999995e+00
1.00000000e+00,8.62295270e-01,-6.90339506e-02,2.39376217e-01,2.37434241e-03,2.13999996e+01,1.29999995e+00
1.00000000e+00,8.27129900e-01,-8.71659368e-02,2.28959307e-01,2.04747543e-03,2.15000000e+01,1.29999995e+00
1.00000000e+00,8.56580496e-01,-8.17454979e-02,2.66688794e-01,5.47030009e-03,2.16000004e+01,1.29999995e+00
1.00000000e+00,7.91007280e-01,-1.33149400e-01,2.65277147e-01,8.93692579e-03,2.17000008e+01,1.29999995e+00
1.00000000e+00,9.12871838e-01,-5.79234920e-02,2.88901597e-01,2.82504745e-02,2.17999992e+01,1.29999995e+00
1.00000000e+00,6.61780596e-01,-2.01693386e-01,2.53257126e-01,4.45716940e-02,2.18999996e+01,1.29999995e+00
4.00000000e+00,1.32864928e+00,0.00000000e+00,0.00000000e+00,2.83427268e-01,2.20000000e+01,1.29999995e+00
1.00000000e+00,9.10657346e-01,-1.95577517e-02,2.02040270e-01,4.61986288e-04,2.00000000e+01,1.39999998e+00
1.00000000e+00,9.14050937e-01,-1.37812858e-02,2.08050027e-01,8.52722267e-04,2.01000004e+01,1.39999998e+00
1.00000000e+00,9.18786764e-01,-1.21771097e-02,2.09362864e-01,7.92654755e-04,2.02000008e+01,1.39999998e+00
1.00000000e+00,9.23482656e-01,-9.03777871e-03,2.02436104e-01,1.06449157e-03,2.02999992e+01,1.39999998e+00
1.00000000e+00,9.24958766e-01,-1.08018806e-02,2.09029824e-01,7.70759187e-04,2.03999996e+01,1.39999998e+00
1.00000000e+00,9.24566865e-01,-7.57361623e-03,2.13249445e-01,1.12951279e-03,2.05000000e+01,1.39999998e+00
1.00000000e+00,9.24684823e-01,-1.14364801e-02,2.02941865e-01,9.57303680e-04,2.06000004e+01,1.39999998e+00
1.00000000e+00,9.21499133e-01,-9.80196893e-03,2.10469246e-01,1.79983431e-03,2.07000008e+01,1.39999998e+00
1.00000000e+00,9.18029964e-01,-1.72874276e-02,2.19976991e-01,1.59827282e-03,2.07999992e+01,1.39999998e+00
1.00000000e+00,9.12261546e-01,-1.68096181e-02,2.16199607e-01,2.24128691e-03,2.08999996e+01,1.39999998e+00
1.00000000e+00,9.04783487e-01,-2.45837346e-02,2.15731367e-01,1.82954571e-03,2.10000000e+01,1.39999998e+00
1.00000000e+00,8.96907866e-01,-3.34605835e-02,2.30111212e-01,2.10811826e-03,2.11000004e+01,1.39999998e+00
1.00000000e+00,8.84936512e-01,-3.78782600e-02,2.35187203e-01,2.67284224e-03,2.12000008e+01,1.39999998e+00
1.00000000e+00,8.77342880e-01,-4.95660640e-02,2.39606261e-01,4.20040172e-03,2.12999992e+01,1.39999998e+00
1.00000000e+00,8.55358124e-01,-5.42282723e-02,2.37603530e-01,5.73984487e-03,2.13999996e+01,1.39999998e+00
1.00000000e+00,8.60974729e-01,-7.39811882e-02,2.70687073e-01,8.78549647e-03,2.15000000e+01,1.39999998e+00
1.00000000e+00,7.98903525e-01,-7.40181282e-02,2.66055942e-01,1.08682346e-02,2.16000004e+01,1.39999998e+00
1.00000000e+00,8.48627150e-01,-1.15650095e-01,2.74157971e-01,1.50616141e-02,2.17000008e+01,1.39999998e+00
1.00000000e+00,6.74934030e-01,-5.51537983e-02,2.77774662e-01,2.76447311e-02,2.17999992e+01,1.39999998e+00
1.00000000e+00,8.97677124e-01,-1.41302601e-01,2.89180547e-01,4.43999246e-02,2.18999996e+01,1.39999998e+00
4.00000000e+00,3.09291840e-01,0.00000000e+00,0.00000000e+00,7.86139891e-02,2.20000000e+01,1.39999998e+00
1.00000000e+00,9.17930841e-01,-2.42648050e-02,1.98427856e-01,4.05336177e-04,2.00000000e+01,1.50000000e+00
1.00000000e+00,9.21277463e-01,-1.67803727e-02,2.12757275e-01,7.74135173e-04,2.01000004e+01,1.50000000e+00
1.00000000e+00,9.26341414e-01,-1.78279728e-02,2.02103853e-01,7.48098420e-04,2.02000008e+01,1.50000000e+00
1.00000000e+00,9.29096460e-01,-1.28369769e-02,2.09211618e-01,1.03825785e-03,2.02999992e+01,1.50000000e+00
1.00000000e+00,9.31800067e-01,-1.09500363e-02,2.17908010e-01,8.88056587e-04,2.03999996e+01,1.50000000e+00
1.00000000e+00,9.33142126e-01,-8.77494086e-03,2.07737818e-01,1.12269993e-03,2.05000000e+01,1.50000000e+00
1.00000000e+00,9.33051527e-01,-1.01071615e-02,2.06322566e-01,9.56129108e-04,2.06000004e+01,1.50000000e+00
1.00000000e+00,9.29814994e-01,-6.98300218e-03,2.23005369e-01,1.45262375e-03,2.07000008e+01,1.50000000e+00
1.00000000e+00,9.28046644e-01,-1.17644891e-02,2.19253540e-01,1.48195622e-03,2.07999992e+01,1.50000000e+00
1.00000000e+00,9.19953704e-01,-1.18254814e-02,2.16085464e-01,2.02989927e-03,2.08999996e+01,1.50000000e+00
1.00000000e+00,9.16495025e-01,-1.71222333e-02,2.25481272e-01,1.85757410e-03,2.10000000e+01,1.50000000e+00
1.00000000e+00,9.05660570e-01,-2.25193296e-02,2.38014653e-01,2.32931273e-03,2.11000004e+01,1.50000000e+00
1.00000000e+00,8.96707714e-01,-2.66261771e-02,2.41094321e-01,1.94354157e-03,2.12000008e+01,1.50000000e+00
1.00000000e+00,8.79972875e-01,-4.05609123e-02,2.37676054e-01,1.79699378e-03,2.12999992e+01,1.50000000e+00
1.00000000e+00,8.85156810e-01,-3.83575335e-02,2.51983315e-01,2.21334305e-03,2.13999996e+01,1.50000000e+00
1.00000000e+00,8.40242326e-01,-6.00148030e-02,2.81108946e-01,2.91798171e-03,2.15000000e+01,1.50000000e+00
1.00000000e+00,8.75012100e-01,-5.67902327e-02,2.81003416e-01,6.99166721e-03,2.16000004e+01,1.50000000e+00
1.00000000e+00,7.86590397e-01,-8.40679631e-02,2.52341032e-01,9.13169049e-03,2.17000008e+01,1.50000000e+00
1.00000000e+00,9.31774080e-01,-7.60814473e-02,3.11482221e-01,2.85972897e-02,2.17999992e+01,1.50000000e+00
1.00000000e+00,7.59422421e-01,-1.88272342e-01,2.45727837e-01,4.07736450e-02,2.18999996e+01,1.50000000e+00
4.00000000e+00,1.35500538e+00,0.00000000e+00,0.00000000e+00,2.86785662e-01,2.20000000e+01,1.50000000e+00
1.00000000e+00,9.21692789e-01,-2.83856783e-02,1.96045876e-01,4.10828419e-04,2.00000000e+01,1.60000002e+00
1.00000000e+00,9.25743818e-01,-2.22541634e-02,2.09054515e-01,8.25226132e-04,2.01000004e+01,1.60000002e+00
1.00000000e+00,9.30131674e-01,-2.03683935e-02,2.10999444e-01,7.33454595e-04,2.02000008e+01,1.60000002e+00
1.00000000e+00,9.31713164e-01,-1.53828114e-02,2.17369035e-01,8.61088454e-04,2.02999992e+01,1.60000002e+00
1.00000000e+00,9.35557544e-01,-1.36585468e-02,2.07523420e-01,1.03264640e-03,2.03999996e+01,1.60000002e+00
1.00000000e+00,9.36886668e-01,-8.97970237e-03,2.09837750e-01,1.21470576e-03,2.05000000e+01,1.60000002e+00
1.00000000e+00,9.36318696e-01,-8.46156012e-03,2.24143684e-01,1.18523068e-03,2.06000004e+01,1.60000002e+00
1.00000000e+00,9.34513748e-01,-5.15087368e-03,2.18300357e-01,1.38906005e-03,2.07000008e+01,1.60000002e+00
1.00000000e+00,9.32464480e-01,-6.27041934e-03,2.10825950e-01,1.49266142e-03,2.07999992e+01,1.60000002e+00
1.00000000e+00,9.25780952e-01,-5.64160198e-03,2.33544409e-01,2.14860751e-03,2.08999996e+01,1.60000002e+00
1.00000000e+00,9.19229150e-01,-1.08743561e-02,2.35425100e-01,2.40383996e-03,2.10000000e+01,1.60000002e+00
1.00000000e+00,9.11885798e-01,-1.16990451e-02,2.29098395e-01,3.28138820e-03,2.11000004e+01,1.60000002e+00
1.00000000e+00,8.97702336e-01,-1.42337522e-02,2.40537211e-01,2.99971271e-03,2.12000008e+01,1.60000002e+00
1.00000000e+00,8.91696513e-01,-3.05161476e-02,2.61074483e-01,3.73787736e-03,2.12999992e+01,1.60000002e+00
1.00000000e+00,8.62284303e-01,-2.25520283e-02,2.63292015e-01,5.20358235e-03,2.13999996e+01,1.60000002e+00
1.00000000e+00,8.69880080e-01,-3.96665595e-02,2.64806926e-01,7.61961518e-03,2.15000000e+01,1.60000002e+00
1.00000000e+00,8.07645142e-01,-3.90670598e-02,2.72094876e-01,1.16018523e-02,2.16000004e+01,1.60000002e+00
1.00000000e+00,8.62906694e-01,-6.09264411e-02,3.30414712e-01,1.92044470e-02,2.17000008e+01,1.60000002e+00
1.00000000e+00,6.54965341e-01,-5.55944815e-02,2.89540291e-01,3.46865840e-02,2.17999992e+01,1.60000002e+00
1.00000000e+00,8.71461868e-01,-1.58958152e-01,3.49515945e-01,4.68853600e-02,2.18999996e+01,1.60000002e+00
4.00000000e+00,5.86945079e-02,0.00000000e+00,0.00000000e+00,1.03821427e-01,2.20000000e+01,1.60000002e+00
1.00000000e+00,9.22596157e-01,-3.15688290e-02,1.96566284e-01,3.36608849e-04,2.00000000e+01,1.70000005e+00
1.00000000e+00,9.24919546e-01,-2.80150622e-02,2.11795926e-01,7.22658355e-04,2.01000004e+01,1.70000005e+00
1.00000000e+00,9.28751528e-01,-2.26642992e-02,2.17930242e-01,8.11350066e-04,2.02000008e+01,1.70000005e+00
1.00000000e+00,9.31753993e-01,-1.83139015e-02,2.12891296e-01,8.24917981e-04,2.02999992e+01,1.70000005e+00
1.00000000e+00,9.35193658e-01,-1.69089474e-02,2.08852112e-01,9.38310463e-04,2.03999996e+01,1.70000005e+00
1.00000000e+00,9.35243845e-01,-9.38454922e-03,2.19951421e-01,1.13062863e-03,2.05000000e+01,1.70000005e+00
1.00000000e+00,9.36566651e-01,-7.19507458e-03,2.20516965e-01,1.25959178e-03,2.06000004e+01,1.70000005e+00
1.00000000e+00,9.34510767e-01,-4.33872547e-03,2.15137050e-01,1.41747447e-03,2.07000008e+01,1.70000005e+00
1.00000000e+00,9.32385743e-01,-1.45501480e-03,2.23695531e-01,1.37660117e-03,2.07999992e+01,1.70000005e+00
1.00000000e+00,9.25971568e-01,-8.89446063e-04,2.34861895e-01,1.69186026e-03,2.08999996e+01,1.70000005e+00
1.00000000e+00,9.22569931e-01,-1.29201449e-03,2.30086461e-01,1.89031323e-03,2.10000000e+01,1.70000005e+00
1.00000000e+00,9.08057034e-01,-3.03285196e-03,2.38546714e-01,2.31059431e-03,2.11000004e+01,1.70000005e+00
1.00000000e+00,9.06769156e-01,-6.39343401e-03,2.48589352e-01,2.10076896e-03,2.12000008e+01,1.70000005e+00
1.00000000e+00,8.86482000e-01,-1.01829087e-02,2.54524738e-01,2.37530819e-03,2.12999992e+01,1.70000005e+00
1.00000000e+00,8.81520331e-01,-1.22633046e-02,2.72855818e-01,2.00161058e-03,2.13999996e+01,1.70000005e+00
1.00000000e+00,8.51852775e-01,-2.64528450e-02,2.62488008e-01,2.88835075e-03,2.15000000e+01,1.70000005e+00
1.00000000e+00,8.80176842e-01,-1.40704485e-02,2.90456563e-01,8.57159402e-03,2.16000004e+01,1.70000005e+00
1.00000000e+00,7.63780534e-01,-3.99003513e-02,3.19270313e-01,1.36885932e-02,2.17000008e+01,1.70000005e+00
1.00000000e+00,9.23084378e-01,-1.47520797e-02,3.19506675e-01,3.03199217e-02,2.17999992e+01,1.70000005e+00
1.00000000e+00,5.52686751e-01,-4.48029675e-02,3.03988367e-01,4.27986719e-02,2.18999996e+01,1.70000005e+00
4.00000000e+00,1.33211601e+00,0.00000000e+00,0.00000000e+00,2.90882647e-01,2.20000000e+01,1.70000005e+00
1.00000000e+00,9.21737373e-01,-3.41788270e-02,1.98021710e-01,2.58784217e-04,2.00000000e+01,1.79999995e+00
1.00000000e+00,9.22065437e-01,-2.98665315e-02,2.17925444e-01,5.67492330e-04,2.01000004e+01,1.79999995e+00
1.00000000e+00,9.26041365e-01,-2.72736680e-02,2.12988570e-01,8.68035539e-04,2.02000008e+01,1.79999995e+00
1.00000000e+00,9.29641306e-01,-2.14430671e-02,2.09690869e-01,8.69140087e-04,2.02999992e+01,1.79999995e+00
1.00000000e+00,9.31592882e-01,-1.74268428e-02,2.21225888e-01,9.65271494e-04,2.03999996e+01,1.79999995e+00
1.00000000e+00,9.31491375e-01,-1.07018342e-02,2.20985025e-01,1.12705934e-03,2.05000000e+01,1.79999995e+00
1.00000000e+00,9.33802128e-01,-7.04941526e-03,2.08248600e-01,1.29712629e-03,2.06000004e+01,1.79999995e+00
1.00000000e+00,9.31362808e-01,-1.11737044e-03,2.24811360e-01,1.65835151e-03,2.07000008e+01,1.79999995e+00
1.00000000e+00,9.27946329e-01,1.89258659e-03,2.36265197e-01,1.65447139e-03,2.07999992e+01,1.79999995e+00
1.00000000e+00,9.24430668e-01,4.09191800e-03,2.22636297e-01,2.08031409e-03,2.08999996e+01,1.79999995e+00
1.00000000e+00,9.18031931e-01,7.36174593e-03,2.26902291e-01,2.18844181e-03,2.10000000e+01,1.79999995e+00
1.00000000e+00,9.10623550e-01,5.42792212e-03,2.57218421e-01,3.30788130e-03,2.11000004e+01,1.79999995e+00
1.00000000e+00,8.96517336e-01,3.46787181e-03,2.50245124e-01,3.88696766e-03,2.12000008e+01,1.79999995e+00
1.00000000e+00,8.93103898e-01,3.76573298e-03,2.45684072e-01,5.20176208e-03,2.12999992e+01,1.79999995e+00
1.00000000e+00,8.64367902e-01,2.77049234e-03,2.68331796e-01,4.76854108e-03,2.13999996e+01,1.79999995e+00
1.00000000e+00,8.69537473e-01,-1.63769592e-02,2.92017430e-01,6.21028850e-03,2.15000000e+01,1.79999995e+00
1.00000000e+00,8.01872313e-01,1.31056048e-02,2.86138654e-01,1.18734827e-02,2.16000004e+01,1.79999995e+00
1.00000000e+00,8.61685395e-01,-1.20873926e-02,2.93583781e-01,1.77559443e-02,2.17000008e+01,1.79999995e+00
1.00000000e+00,6.68473840e-01,7.12278858e-03,2.88168192e-01,3.27984281e-02,2.17999992e+01,1.79999995e+00
1.00000000e+00,8.92688990e-01,5.33313975e-02,3.76576513e-01,4.69998606e-02,2.18999996e+01,1.79999995e+00
4.00000000e+00,1.83379546e-01,0.00000000e+00,0.00000000e+00,9.38236266e-02,2.20000000e+01,1.79999995e+00
1.00000000e+00,9.20317650e-01,-3.68302241e-02,1.98878318e-01,3.03484208e-04,2.00000000e+01,1.89999998e+00
1.00000000e+00,9.21514869e-01,-3.15878652e-02,2.16001913e-01,6.32437528e-04,2.01000004e+01,1.89999998e+00
1.00000000e+00,9.24305379e-01,-3.09317317e-02,2.12429345e-01,7.73416425e-04,2.02000008e+01,1.89999998e+00
1.00000000e+00,9.24855709e-01,-2.40588542e-02,2.17475802e-01,8.67654686e-04,2.02999992e+01,1.89999998e+00
1.00000000e+00,9.26863432e-01,-1.75154470e-02,2.17105657e-01,1.03794353e-03,2.03999996e+01,1.89999998e+00
1.00000000e+00,9.26912129e-01,-1.25026256e-02,2.15176001e-01,1.09580765e-03,2.05000000e+01,1.89999998e+00
1.00000000e+00,9.27369893e-01,-6.48875954e-03,2.19290107e-01,1.22712506e-03,2.06000004e+01,1.89999998e+00
1.00000000e+00,9.24120903e-01,1.31626963e-03,2.27136210e-01,1.50145870e-03,2.07000008e+01,1.89999998e+00
1.00000000e+00,9.23650622e-01,5.29616559e-03,2.23667160e-01,1.69710419e-03,2.07999992e+01,1.89999998e+00
1.00000000e+00,9.17139232e-01,9.03972797e-03,2.29260549e-01,1.94918551e-03,2.08999996e+01,1.89999998e+00
1.00000000e+00,9.13283527e-01,1.38992537e-02,2.41576359e-01,1.70072750e-03,2.10000000e+01,1.89999998e+00
1.00000000e+00,9.02778447e-01,1.34888701e-02,2.42401958e-01,1.87769451e-03,2.11000004e+01,1.89999998e+00
1.00000000e+00,9.00040865e-01,1.65945366e-02,2.46736944e-01,1.78450113e-03,2.12000008e+01,1.89999998e+00
1.00000000e+00,8.77054751e-01,1.46584949e-02,2.63386697e-01,2.15894077e-03,2.12999992e+01,1.89999998e+00
1.00000000e+00,8.86191845e-01,1.17303375e-02,2.68648148e-01,2.48602265e-03,2.13999996e+01,1.89999998e+00
1.00000000e+00,8.46942544e-01,1.60094481e-02,2.67849386e-01,2.42966251e-03,2.15000000e+01,1.89999998e+00
1.00000000e+00,8.76674294e-01,9.99199785e-03,2.99541295e-01,6.30775932e-03,2.16000004e+01,1.89999998e+00
1.00000000e+00,8.19360197e-01,-9.28119844e-05,2.71811008e-01,8.82851612e-03,2.17000008e+01,1.89999998e+00
1.00000000e+00,9.49247360e-01,4.41860147e-02,3.09602290e-01,3.26197483e-02,2.17999992e+01,1.89999998e+00
1.00000000e+00,7.42684364e-01,2.06126887e-02,2.68934697e-01,4.63886857e-02,2.18999996e+01,1.89999998e+00
4.00000000e+00,1.37732339e+00,0.00000000e+00,0.00000000e+00,2.96875715e-01,2.20000000e+01,1.89999998e+00
1.00000000e+00,9.18675244e-01,-3.84215526e-02,1.99507564e-01,3.30351497e-04,2.00000000e+01,2.00000000e+00
1.00000000e+00,9.20069456e-01,-3.51054668e-02,2.13502958e-01,7.37464929e-04,2.01000004e+01,2.00000000e+00
1.00000000e+00,9.21086609e-01,-3.00834030e-02,2.16383427e-01,8.10975791e-04,2.02000008e+01,2.00000000e+00
1.00000000e+00,9.19253647e-01,-2.47616954e-02,2.20677972e-01,8.40734399e-04,2.02999992e+01,2.00000000e+00
1.00000000e+00,9.20943379e-01,-1.87224783e-02,2.09050819e-01,1.02249044e-03,2.03999996e+01,2.00000000e+00
1.00000000e+00,9.20100927e-01,-1.15100713e-02,2.15258375e-01,1.20949629e-03,2.05000000e+01,2.00000000e+00
1.00000000e+00,9.18622971e-01,-4.37181443e-03,2.29364604e-01,1.32108794e-03,2.06000004e+01,2.00000000e+00
1.00000000e+00,9.16288257e-01,2.47067842e-03,2.21333086e-01,1.61761523e-03,2.07000008e+01,2.00000000e+00
1.00000000e+00,9.15078640e-01,9.06085316e-03,2.15049759e-01,1.84603583e-03,2.07999992e+01,2.00000000e+00
1.00000000e+00,9.10032928e-01,1.50513863e-02,2.40833476e-01,2.45390204e-03,2.08999996e+01,2.00000000e+00
1.00000000e+00,9.02297735e-01,1.97998229e-02,2.45030954e-01,2.37127789e-03,2.10000000e+01,2.00000000e+00
1.00000000e+00,8.99040401e-01,2.20236443e-02,2.29929283e-01,2.91552534e-03,2.11000004e+01,2.00000000e+00
1.00000000e+00,8.85530710e-01,2.64277980e-02,2.46624023e-01,2.84184818e-03,2.12000008e+01,2.00000000e+00
1.00000000e+00,8.82160246e-01,2.51318030e-02,2.78073192e-01,4.67022927e-03,2.12999992e+01,2.00000000e+00
1.00000000e+00,8.54570150e-01,2.57777367e-02,2.60056347e-01,6.55598054e-03,2.13999996e+01,2.00000000e+00
1.00000000e+00,8.67708445e-01,2.60144882e-02,2.68031567e-01,9.57447942e-03,2.15000000e+01,2.00000000e+00
1.00000000e+00,8.04848969e-01,2.53903531e-02,2.88206637e-01,9.62043460e-03,2.16000004e+01,2.00000000e+00
1.00000000e+00,8.47832859e-01,1.41064171e-02,3.05415720e-01,9.56516340e-03,2.17000008e+01,2.00000000e+00
1.00000000e+00,6.85897708e-01,3.70868407e-02,2.83459485e-01,2.86514815e-02,2.17999992e+01,2.00000000e+00
1.00000000e+00,9.12246704e-01,4.84903231e-02,2.62153983e-01,4.12471108e-02,2.18999996e+01,2.00000000e+00
4.00000000e+00,3.46662045e-01,0.00000000e+00,0.00000000e+00,7.84776062e-02,2.20000000e+01,2.00000000e+00
1.00000000e+00,9.18140471e-01,-3.80514041e-02,1.99823216e-01,2.25936514e-04,2.00000000e+01,2.09999990e+00
1.00000000e+00,9.15480852e-01,-3.65689136e-02,2.17106894e-01,6.76009222e-04,2.01000004e+01,2.09999990e+00
1.00000000e+00,9.14855957e-01,-2.83837263e-02,2.13511512e-01,7.37801369e-04,2.02000008e+01,2.09999990e+00
1.00000000e+00,9.13511634e-01,-2.43416820e-02,2.12225690e-01,8.64869857e-04,2.02999992e+01,2.09999990e+00
1.00000000e+00,9.12789106e-01,-1.88299567e-02,2.16912016e-01,9.77786258e-04,2.03999996e+01,2.09999990e+00
1.00000000e+00,9.10211086e-01,-1.01525402e-02,2.19738245e-01,1.19439885e-03,2.05000000e+01,2.09999990e+00
1.00000000e+00,9.09993827e-01,-2.17757863e-03,2.15001687e-01,1.34721247e-03,2.06000004e+01,2.09999990e+00
1.00000000e+00,9.06497836e-01,3.80520057e-03,2.22189859e-01,1.57164538e-03,2.07000008e+01,2.09999990e+00
1.00000000e+00,9.04147267e-01,1.29733495e-02,2.30475277e-01,1.57363655e-03,2.07999992e+01,2.09999990e+00
1.00000000e+00,8.97930145e-01,1.99374352e-02,2.29761019e-01,1.79908820e-03,2.08999996e+01,2.09999990e+00
1.00000000e+00,8.96471262e-01,2.54414286e-02,2.30327785e-01,1.85974815e-03,2.10000000e+01,2.09999990e+00
1.00000000e+00,8.85423481e-01,3.02511547e-02,2.46764213e-01,2.19336874e-03,2.11000004e+01,2.09999990e+00
1.00000000e+00,8.82318497e-01,3.47790085e-02,2.56415606e-01,1.85439712e-03,2.12000008e+01,2.09999990e+00
1.00000000e+00,8.64733934e-01,3.49928401e-02,2.47804374e-01,1.88418711e-03,2.12999992e+01,2.09999990e+00
1.00000000e+00,8.72867048e-01,4.10855748e-02,2.64213711e-01,2.27940432e-03,2.13999996e+01,2.09999990e+00
1.00000000e+00,8.32005024e-01,3.50646526e-02,2.86494344e-01,2.87300907e-03,2.15000000e+01,2.09999990e+00
1.00000000e+00,8.73665214e-01,3.27427983e-02,2.86846399e-01,7.74308760e-03,2.16000004e+01,2.09999990e+00
1.00000000e+00,8.10116053e-01,5.36142886e-02,2.51238495e-01,9.43757966e-03,2.17000008e+01,2.09999990e+00
1.00000000e+00,9.45237041e-01,-2.96285115e-02,3.19174498e-01,3.12445350e-02,2.17999992e+01,2.09999990e+00
1.00000000e+00,8.17232072e-01,4.73525487e-02,2.25420773e-01,4.19067703e-02,2.18999996e+01,2.09999990e+00
4.00000000e+00,1.38894188e+00,0.00000000e+00,0.00000000e+00,2.91368246e-01,2.20000000e+01,2.09999990e+00
1.00000000e+00,9.16938484e-01,-3.57341319e-02,1.99664399e-01,2.93378602e-04,2.00000000e+01,2.20000005e+00
1.00000000e+00,9.11080062e-01,-3.25849093e-02,2.14733630e-01,7.19604723e-04,2.01000004e+01,2.20000005e+00
1.00000000e+00,9.08847690e-01,-2.80795321e-02,2.11391062e-01,6.84133091e-04,2.02000008e+01,2.20000005e+00
1.00000000e+00,9.07205880e-01,-2.29673479e-02,2.09110916e-01,8.90021736e-04,2.02999992e+01,2.20000005e+00
1.00000000e+00,9.04731989e-01,-1.51640009e-02,2.19103113e-01,1.01074600e-03,2.03999996e+01,2.20000005e+00
1.00000000e+00,9.01052892e-01,-9.29063745e-03,2.19500333e-01,1.20236189e-03,2.05000000e+01,2.20000005e+00
1.00000000e+00,9.00242031e-01,1.28086967e-05,2.08465606e-01,1.30468886e-03,2.06000004e+01,2.20000005e+00
1.00000000e+00,8.96346688e-01,7.91277457e-03,2.23357365e-01,1.68159313e-03,2.07000008e+01,2.20000005e+00
1.00000000e+00,8.92245770e-01,1.69403572e-02,2.33634844e-01,1.65434589e-03,2.07999992e+01,2.20000005e+00
1.00000000e+00,8.88769507e-01,2.41528545e-02,2.22958490e-01,2.13073124e-03,2.08999996e+01,2.20000005e+00
1.00000000e+00,8.83531034e-01,3.09658386e-02,2.26269811e-01,2.29029474e-03,2.10000000e+01,2.20000005e+00
1.00000000e+00,8.78468037e-01,3.82213742e-02,2.53460735e-01,3.25591560e-03,2.11000004e+01,2.20000005e+00
1.00000000e+00,8.65605474e-01,4.39209826e-02,2.49996811e-01,3.49066220e-03,2.12000008e+01,2.20000005e+00
1.00000000e+00,8.66454363e-01,4.48248610e-02,2.43015528e-01,4.57432494e-03,2.12999992e+01,2.20000005e+00
1.00000000e+00,8.40653062e-01,4.95215915e-02,2.65270680e-01,4.25849063e-03,2.13999996e+01,2.20000005e+00
1.00000000e+00,8.51893485e-01,5.81000000e-02,2.89307415e-01,6.49487693e-03,2.15000000e+01,2.20000005e+00
1.00000000e+00,7.85528600e-01,3.51275057e-02,2.78630346e-01,1.14269359e-02,2.16000004e+01,2.20000005e+00
1.00000000e+00,8.53028774e-01,6.13913350e-02,2.91717589e-01,1.77870747e-02,2.17000008e+01,2.20000005e+00
1.00000000e+00,6.48505926e-01,2.50223428e-02,2.92522520e-01,3.26902792e-02,2.17999992e+01,2.20000005e+00
1.00000000e+00,8.78490686e-01,-8.15524235e-02,3.50831807e-01,3.90310585e-02,2.18999996e+01,2.20000005e+00
4.00000000e+00,2.53920376e-01,0.00000000e+00,0.00000000e+00,7.43161365e-02,2.20000000e+01,2.20000005e+00
1.00000000e+00,9.13907945e-01,-3.06101572e-02,1.98309392e-01,3.75880511e-04,2.00000000e+01,2.29999995e+00
1.00000000e+00,9.08639908e-01,-2.78055388e-02,2.06723556e-01,7.31633219e-04,2.01000004e+01,2.29999995e+00
1.00000000e+00,9.04613495e-01,-2.56037917e-02,2.13526875e-01,7.64734054e-04,2.02000008e+01,2.29999995e+00
1.00000000e+00,8.99868369e-01,-2.05186438e-02,2.15617388e-01,9.51795548e-04,2.02999992e+01,2.29999995e+00
1.00000000e+00,8.97104800e-01,-1.12556443e-02,2.06604525e-01,9.72033595e-04,2.03999996e+01,2.29999995e+00
1.00000000e+00,8.93059433e-01,-6.94693904e-03,2.13284895e-01,1.21201132e-03,2.05000000e+01,2.29999995e+00
1.00000000e+00,8.89841020e-01,2.88648577e-03,2.22560048e-01,1.18275266e-03,2.06000004e+01,2.29999995e+00
1.00000000e+00,8.85154963e-01,1.18595986e-02,2.18224391e-01,1.45372644e-03,2.07000008e+01,2.29999995e+00
1.00000000e+00,8.83349597e-01,2.03399826e-02,2.14835241e-01,1.56117615e-03,2.07999992e+01,2.29999995e+00
1.00000000e+00,8.77086043e-01,2.82753259e-02,2.32472077e-01,1.95980514e-03,2.08999996e+01,2.29999995e+00
1.00000000e+00,8.73360932e-01,3.74758989e-02,2.38574654e-01,1.80825347e-03,2.10000000e+01,2.29999995e+00
1.00000000e+00,8.63539338e-01,4.39438410e-02,2.30599105e-01,2.01134523e-03,2.11000004e+01,2.29999995e+00
1.00000000e+00,8.65141988e-01,5.09979539e-02,2.38471866e-01,1.90044113e-03,2.12000008e+01,2.29999995e+00
1.00000000e+00,8.46516967e-01,5.50948530e-02,2.63870835e-01,2.55089533e-03,2.12999992e+01,2.29999995e+00
1.00000000e+00,8.47206354e-01,5.85800707e-02,2.71795422e-01,2.01986101e-03,2.13999996e+01,2.29999995e+00
1.00000000e+00,8.21087658e-01,6.83595166e-02,2.40622744e-01,3.91338114e-03,2.15000000e+01,2.29999995e+00
1.00000000e+00,8.49714577e-01,5.51431440e-02,2.93702036e-01,8.11406225e-03,2.16000004e+01,2.29999995e+00
1.00000000e+00,7.36617088e-01,8.03275853e-02,3.22511464e-01,1.47677520e-02,2.17000008e+01,2.29999995e+00
1.00000000e+00,9.07460034e-01,3.96883711e-02,2.88943022e-01,3.03041525e-02,2.17999992e+01,2.29999995e+00
1.00000000e+00,4.31650311e-01,9.63298678e-02,3.38056982e-01,4.95227464e-02,2.18999996e+01,2.29999995e+00
4.00000000e+00,1.27812481e+00,0.00000000e+00,0.00000000e+00,2.72520334e-01,2.20000000e+01,2.29999995e+00
1.00000000e+00,9.08538818e-01,-2.43998747e-02,1.97354540e-01,4.25831386e-04,2.00000000e+01,2.40000010e+00
1.00000000e+00,9.03334439e-01,-2.51778755e-02,2.07944214e-01,8.27315322e-04,2.01000004e+01,2.40000010e+00
1.00000000e+00,8.98607671e-01,-1.89911071e-02,2.07592770e-01,8.33371072e-04,2.02000008e+01,2.40000010e+00
1.00000000e+00,8.92271399e-01,-1.61315091e-02,2.13624075e-01,9.98257427e-04,2.02999992e+01,2.40000010e+00
1.00000000e+00,8.88836384e-01,-8.51377659e-03,2.07213521e-01,8.82825756e-04,2.03999996e+01,2.40000010e+00
1.00000000e+00,8.84876609e-01,-2.25998973e-03,2.09127948e-01,1.25999737e-03,2.05000000e+01,2.40000010e+00
1.00000000e+00,8.80351067e-01,7.80632533e-03,2.19762012e-01,1.26846659e-03,2.06000004e+01,2.40000010e+00
1.00000000e+00,8.75826597e-01,1.42279668e-02,2.17558816e-01,1.51075248e-03,2.07000008e+01,2.40000010e+00
1.00000000e+00,8.72883856e-01,2.52463929e-02,2.11793512e-01,1.59291085e-03,2.07999992e+01,2.40000010e+00
1.00000000e+00,8.67641687e-01,3.33018675e-02,2.29346082e-01,2.07496877e-03,2.08999996e+01,2.40000010e+00
1.00000000e+00,8.62146735e-01,4.34751660e-02,2.33293325e-01,2.15171883e-03,2.10000000e+01,2.40000010e+00
1.00000000e+00,8.58551621e-01,4.97785918e-02,2.29432061e-01,2.96245655e-03,2.11000004e+01,2.40000010e+00
1.00000000e+00,8.48827243e-01,5.53626232e-02,2.37443611e-01,2.95987516e-03,2.12000008e+01,2.40000010e+00
1.00000000e+00,8.48631978e-01,6.95630014e-02,2.56604791e-01,3.98309110e-03,2.12999992e+01,2.40000010e+00
1.00000000e+00,8.22611213e-01,6.32656515e-02,2.60365605e-01,4.51339362e-03,2.13999996e+01,2.40000010e+00
1.00000000e+00,8.40411007e-01,7.94002935e-02,2.57076383e-01,6.65021734e-03,2.15000000e+01,2.40000010e+00
1.00000000e+00,7.79966354e-01,7.60964081e-02,2.69196361e-01,1.02476561e-02,2.16000004e+01,2.40000010e+00
1.00000000e+00,8.41232836e-01,8.86823684e-02,3.20910931e-01,1.80114601e-02,2.17000008e+01,2.40000010e+00
1.00000000e+00,6.43460691e-01,8.93448442e-02,2.71207631e-01,3.35370712e-02,2.17999992e+01,2.40000010e+00
1.00000000e+00,8.54747713e-01,2.49303505e-01,3.08634907e-01,3.89369689e-02,2.18999996e+01,2.40000010e+00
4.00000000e+00,1.89422116e-01,0.00000000e+00,0.00000000e+00,7.44729787e-02,2.20000000e+01,2.40000010e+00
1.00000000e+00,8.99869502e-01,-1.83274131e-02,1.98570341e-01,4.01349651e-04,2.00000000e+01,2.50000000e+00
1.00000000e+00,8.93005371e-01,-2.08819602e-02,2.11748734e-01,9.32167110e-04,2.01000004e+01,2.50000000e+00
1.00000000e+00,8.88510883e-01,-1.34173771e-02,2.01592907e-01,6.36260374e-04,2.02000008e+01,2.50000000e+00
1.00000000e+00,8.84220719e-01,-1.11197783e-02,2.02961519e-01,1.04165333e-03,2.02999992e+01,2.50000000e+00
1.00000000e+00,8.79425406e-01,-4.86040814e-03,2.15906948e-01,8.98134313e-04,2.03999996e+01,2.50000000e+00
1.00000000e+00,8.74715805e-01,1.78292894e-03,2.10968658e-01,1.16734288e-03,2.05000000e+01,2.50000000e+00
1.00000000e+00,8.71575058e-01,1.23689054e-02,2.01271370e-01,1.22529734e-03,2.06000004e+01,2.50000000e+00
1.00000000e+00,8.66686523e-01,1.75148901e-02,2.17663422e-01,1.53048697e-03,2.07000008e+01,2.50000000e+00
1.00000000e+00,8.62699747e-01,3.02879792e-02,2.24758551e-01,1.47549424e-03,2.07999992e+01,2.50000000e+00
1.00000000e+00,8.56835604e-01,3.75366397e-02,2.14859635e-01,1.70349446e-03,2.08999996e+01,2.50000000e+00
1.00000000e+00,8.56411815e-01,4.73099388e-02,2.16003329e-01,1.93320180e-03,2.10000000e+01,2.50000000e+00
1.00000000e+00,8.47753942e-01,5.58728240e-02,2.41950303e-01,2.37832544e-03,2.11000004e+01,2.50000000e+00
1.00000000e+00,8.43749046e-01,6.27235547e-02,2.45295033e-01,1.97567092e-03,2.12000008e+01,2.50000000e+00
1.00000000e+00,8.33300829e-01,7.58808106e-02,2.24108800e-01,1.52504339e-03,2.12999992e+01,2.50000000e+00
1.00000000e+00,8.42376471e-01,7.19649196e-02,2.49916106e-01,2.03980482e-03,2.13999996e+01,2.50000000e+00
1.00000000e+00,8.04640472e-01,9.07773450e-02,2.85528719e-01,2.55783671e-03,2.15000000e+01,2.50000000e+00
1.00000000e+00,8.50698411e-01,8.62384140e-02,2.63540328e-01,7.41152093e-03,2.16000004e+01,2.50000000e+00
1.00000000e+00,7.79871821e-01,9.97054502e-02,2.33305201e-01,8.56969971e-03,2.17000008e+01,2.50000000e+00
1.00000000e+00,9.20990467e-01,1.14090815e-01,3.02047431e-01,2.77562607e-02,2.17999992e+01,2.50000000e+00
1.00000000e+00,8.31248105e-01,1.89713195e-01,1.92643419e-01,3.65942232e-02,2.18999996e+01,2.50000000e+00
4.00000000e+00,1.34954143e+00,0.00000000e+00,0.00000000e+00,2.73905545e-01,2.20000000e+01,2.50000000e+00
1.00000000e+00,8.88093352e-01,-1.30219851e-02,2.00712517e-01,3.68984038e-04,2.00000000e+01,2.59999990e+00
1.00000000e+00,8.82336140e-01,-1.36505449e-02,2.02743083e-01,9.96218994e-04,2.01000004e+01,2.59999990e+00
1.00000000e+00,8.78029406e-01,-1.10715218e-02,2.07837895e-01,5.99159161e-04,2.02000008e+01,2.59999990e+00
1.00000000e+00,8.75293791e-01,-7.34632369e-03,2.02326357e-01,9.65644256e-04,2.02999992e+01,2.59999990e+00
1.00000000e+00,8.70783329e-01,1.42122176e-03,2.04619214e-01,1.01030688e-03,2.03999996e+01,2.59999990e+00
1.00000000e+00,8.65536094e-01,4.87346761e-03,2.10888207e-01,1.17353094e-03,2.05000000e+01,2.59999990e+00
1.00000000e+00,8.61915648e-01,1.64617077e-02,2.04691470e-01,1.12282427e-03,2.06000004e+01,2.59999990e+00
1.00000000e+00,8.57734203e-01,2.23648157e-02,2.08199993e-01,1.44050876e-03,2.07000008e+01,2.59999990e+00
1.00000000e+00,8.53967011e-01,3.49906497e-02,2.16417238e-01,1.56619842e-03,2.07999992e+01,2.59999990e+00
1.00000000e+00,8.49372447e-01,4.03180607e-02,2.18092084e-01,2.00688676e-03,2.08999996e+01,2.59999990e+00
1.00000000e+00,8.45459640e-01,5.21559045e-02,2.15797782e-01,2.01155432e-03,2.10000000e+01,2.59999990e+00
1.00000000e+00,8.41892540e-01,6.30305186e-02,2.26631075e-01,2.21443735e-03,2.11000004e+01,2.59999990e+00
1.00000000e+00,8.33293021e-01,6.69022575e-02,2.35031575e-01,2.27959477e-03,2.12000008e+01,2.59999990e+00
1.00000000e+00,8.33833337e-01,8.22234079e-02,2.38143057e-01,3.69212846e-03,2.12999992e+01,2.59999990e+00
1.00000000e+00,8.16018045e-01,8.12141597e-02,2.35912412e-01,5.23346383e-03,2.13999996e+01,2.59999990e+00
1.00000000e+00,8.27539027e-01,9.82701555e-02,2.67483592e-01,8.52586608e-03,2.15000000e+01,2.59999990e+00
1.00000000e+00,7.74944961e-01,9.36271846e-02,2.57716417e-01,9.86687187e-03,2.16000004e+01,2.59999990e+00
1.00000000e+00,8.22692156e-01,1.37845829e-01,2.61718512e-01,1.34739894e-02,2.17000008e+01,2.59999990e+00
1.00000000e+00,6.68291271e-01,4.32472341e-02,2.76012570e-01,2.52468586e-02,2.17999992e+01,2.59999990e+00
1.00000000e+00,8.96524549e-01,1.09758474e-01,2.48545915e-01,3.93205024e-02,2.18999996e+01,2.59999990e+00
4.00000000e+00,4.10581082e-01,0.00000000e+00,0.00000000e+00,7.65145421e-02,2.20000000e+01,2.59999990e+00
1.00000000e+00,8.73607099e-01,-1.01805544e-02,2.04077318e-01,4.28601459e-04,2.00000000e+01,2.70000005e+00
1.00000000e+00,8.72168005e-01,-9.17588174e-03,1.97052926e-01,8.96058511e-04,2.01000004e+01,2.70000005e+00
1.00000000e+00,8.68525982e-01,-7.66265905e-03,2.07898811e-01,6.42621308e-04,2.02000008e+01,2.70000005e+00
1.00000000e+00,8.63530934e-01,-3.59477755e-03,2.07544595e-01,1.09951582e-03,2.02999992e+01,2.70000005e+00
1.00000000e+00,8.59595299e-01,6.22601761e-03,1.92284003e-01,7.71053426e-04,2.03999996e+01,2.70000005e+00
1.00000000e+00,8.55314970e-01,9.55264829e-03,2.01558739e-01,1.24940521e-03,2.05000000e+01,2.70000005e+00
1.00000000e+00,8.50857913e-01,1.98299121e-02,2.15467572e-01,1.02280139e-03,2.06000004e+01,2.70000005e+00
1.00000000e+00,8.46661925e-01,2.64420379e-02,2.03039750e-01,1.48542086e-03,2.07000008e+01,2.70000005e+00
1.00000000e+00,8.44394743e-01,3.83027121e-02,1.97584927e-01,1.52148027e-03,2.07999992e+01,2.70000005e+00
1.00000000e+00,8.40164304e-01,4.41065505e-02,2.20118552e-01,1.89532374e-03,2.08999996e+01,2.70000005e+00
1.00000000e+00,8.35849166e-01,5.68132661e-02,2.24266693e-01,1.58010772e-03,2.10000000e+01,2.70000005e+00
1.00000000e+00,8.31869960e-01,6.65117577e-02,2.07592770e-01,1.37847115e-03,2.11000004e+01,2.70000005e+00
1.00000000e+00,8.34013164e-01,7.12355450e-02,2.16916293e-01,1.61023089e-03,2.12000008e+01,2.70000005e+00
1.00000000e+00,8.18269014e-01,8.55791345e-02,2.54141748e-01,2.28345767e-03,2.12999992e+01,2.70000005e+00
1.00000000e+00,8.29026282e-01,9.20351520e-02,2.35676363e-01,2.56397808e-03,2.13999996e+01,2.70000005e+00
1.00000000e+00,8.01886380e-01,1.01130284e-01,2.19950557e-01,2.14954629e-03,2.15000000e+01,2.70000005e+00
1.00000000e+00,8.30173612e-01,9.93216336e-02,2.73230970e-01,5.33403875e-03,2.16000004e+01,2.70000005e+00
1.00000000e+00,7.85207212e-01,1.35616213e-01,2.57558018e-01,8.54464155e-03,2.17000008e+01,2.70000005e+00
1.00000000e+00,9.02109087e-01,5.38046025e-02,2.74703890e-01,2.95927580e-02,2.17999992e+01,2.70000005e+00
1.00000000e+00,6.37471795e-01,1.66500852e-01,2.71649599e-01,4.51337695e-02,2.18999996e+01,2.70000005e+00
4.00000000e+00,1.30463696e+00,0.00000000e+00,0.00000000e+00,2.78576940e-01,2.20000000e+01,2.70000005e+00
1.00000000e+00,8.54839385e-01,-7.82401487e-03,2.05813676e-01,6.30388618e-04,2.00000000e+01,2.79999995e+00
1.00000000e+00,8.54244590e-01,-9.36368853e-03,2.05328986e-01,1.15760788e-03,2.01000004e+01,2.79999995e+00
1.00000000e+00,8.51496816e-01,-1.75915274e-03,1.91783413e-01,7.22848519e-04,2.02000008e+01,2.79999995e+00
1.00000000e+00,8.46165597e-01,1.89631758e-03,1.99523777e-01,1.40852877e-03,2.02999992e+01,2.79999995e+00
1.00000000e+00,8.42473626e-01,8.07357673e-03,2.03893036e-01,6.04131026e-04,2.03999996e+01,2.79999995e+00
1.00000000e+00,8.40331316e-01,1.45138381e-02,1.94530576e-01,1.44034391e-03,2.05000000e+01,2.79999995e+00
1.00000000e+00,8.36507618e-01,2.44783647e-02,1.98723078e-01,1.07470609e-03,2.06000004e+01,2.79999995e+00
1.00000000e+00,8.32946897e-01,2.80802175e-02,2.07682803e-01,1.78079726e-03,2.07000008e+01,2.79999995e+00
1.00000000e+00,8.30075502e-01,4.24024835e-02,2.02436924e-01,1.28666265e-03,2.07999992e+01,2.79999995e+00
1.00000000e+00,8.28561604e-01,4.76469323e-02,2.00937912e-01,1.67995237e-03,2.08999996e+01,2.79999995e+00
1.00000000e+00,8.25655103e-01,6.00108504e-02,2.12453857e-01,1.40482991e-03,2.10000000e+01,2.79999995e+00
1.00000000e+00,8.22394073e-01,6.68725744e-02,2.21079186e-01,2.09239312e-03,2.11000004e+01,2.79999995e+00
1.00000000e+00,8.19883108e-01,8.00712332e-02,2.08987668e-01,2.77810334e-03,2.12000008e+01,2.79999995e+00
1.00000000e+00,8.16691697e-01,8.77843723e-02,2.26214364e-01,3.89088294e-03,2.12999992e+01,2.79999995e+00
1.00000000e+00,8.06162775e-01,9.44365636e-02,2.32595295e-01,4.17701434e-03,2.13999996e+01,2.79999995e+00
1.00000000e+00,8.14287961e-01,1.26701266e-01,2.35950544e-01,5.50086144e-03,2.15000000e+01,2.79999995e+00
1.00000000e+00,7.63837039e-01,8.47260505e-02,2.53658801e-01,8.78606737e-03,2.16000004e+01,2.79999995e+00
1.00000000e+00,8.18213344e-01,1.52726293e-01,2.58882642e-01,1.36736082e-02,2.17000008e+01,2.79999995e+00
1.00000000e+00,6.57881856e-01,9.64484736e-02,2.34670863e-01,2.92723924e-02,2.17999992e+01,2.79999995e+00
1.00000000e+00,8.51390541e-01,1.91963747e-01,3.45610172e-01,4.39455025e-02,2.18999996e+01,2.79999995e+00
4.00000000e+00,1.10931471e-01,0.00000000e+00,0.00000000e+00,9.48119611e-02,2.20000000e+01,2.79999995e+00
1.00000000e+00,8.31354439e-01,-4.02744627e-03,2.02139601e-01,8.18361994e-04,2.00000000e+01,2.90000010e+00
1.00000000e+00,8.26564610e-01,-7.00562308e-03,2.01963007e-01,1.61966577e-03,2.01000004e+01,2.90000010e+00
1.00000000e+00,8.23729873e-01,1.63604098e-03,1.89747810e-01,7.88765610e-04,2.02000008e+01,2.90000010e+00
1.00000000e+00,8.22109878e-01,5.88376401e-03,1.89106643e-01,1.47221785e-03,2.02999992e+01,2.90000010e+00
1.00000000e+00,8.19121599e-01,1.04406541e-02,2.05394924e-01,6.74655661e-04,2.03999996e+01,2.90000010e+00
1.00000000e+00,8.16889763e-01,1.62674673e-02,1.97913513e-01,1.67131203e-03,2.05000000e+01,2.90000010e+00
1.00000000e+00,8.15624356e-01,2.78319269e-02,1.83583707e-01,7.99901783e-04,2.06000004e+01,2.90000010e+00
1.00000000e+00,8.14462602e-01,3.02751977e-02,2.00052127e-01,1.84468552e-03,2.07000008e+01,2.90000010e+00
1.00000000e+00,8.11624289e-01,4.38936576e-02,2.10878402e-01,7.81990762e-04,2.07999992e+01,2.90000010e+00
1.00000000e+00,8.10505748e-01,4.96194884e-02,1.92922145e-01,1.77474192e-03,2.08999996e+01,2.90000010e+00
1.00000000e+00,8.11054349e-01,6.18072860e-02,1.92922309e-01,1.35434186e-03,2.10000000e+01,2.90000010e+00
1.00000000e+00,8.06613803e-01,6.76818565e-02,2.22379223e-01,2.65792781e-03,2.11000004e+01,2.90000010e+00
1.00000000e+00,8.09642613e-01,8.49141926e-02,2.12311223e-01,2.25313473e-03,2.12000008e+01,2.90000010e+00
1.00000000e+00,8.03657055e-01,9.07554626e-02,2.00013161e-01,2.15336797e-03,2.12999992e+01,2.90000010e+00
1.00000000e+00,8.06475222e-01,9.55225155e-02,2.27170169e-01,1.66233955e-03,2.13999996e+01,2.90000010e+00
1.00000000e+00,7.94226944e-01,1.28660649e-01,2.38063872e-01,1.45927304e-03,2.15000000e+01,2.90000010e+00
1.00000000e+00,8.21516931e-01,1.03524901e-01,2.29285628e-01,6.21183449e-03,2.16000004e+01,2.90000010e+00
1.00000000e+00,7.39216566e-01,1.72124013e-01,2.45585531e-01,8.57684948e-03,2.17000008e+01,2.90000010e+00
1.00000000e+00,8.74293387e-01,9.44996476e-02,2.66788930e-01,2.34109443e-02,2.17999992e+01,2.90000010e+00
1.00000000e+00,6.47660553e-01,2.67466456e-01,2.34393090e-01,3.36333178e-02,2.18999996e+01,2.90000010e+00
4.00000000e+00,1.28452134e+00,0.00000000e+00,0.00000000e+00,2.70644307e-01,2.20000000e+01,2.90000010e+00
1.00000000e+00,8.00142944e-01,-3.25257424e-04,1.96144000e-01,1.16938376e-03,2.00000000e+01,3.00000000e+00
1.00000000e+00,7.94423401e-01,-3.68342968e-04,1.83418572e-01,1.89042953e-03,2.01000004e+01,3.00000000e+00
1.00000000e+00,7.91020393e-01,2.14312272e-03,2.02704802e-01,6.60869817e-04,2.02000008e+01,3.00000000e+00
1.00000000e+00,7.92022288e-01,5.16510103e-03,1.93636492e-01,1.61767821e-03,2.02999992e+01,3.00000000e+00
1.00000000e+00,7.91975200e-01,1.50276227e-02,1.81204483e-01,7.50975916e-04,2.03999996e+01,3.00000000e+00
1.00000000e+00,7.89689541e-01,1.64944697e-02,1.97515115e-01,1.67915388e-03,2.05000000e+01,3.00000000e+00
1.00000000e+00,7.88688183e-01,2.77134068e-02,1.98370039e-01,6.45784836e-04,2.06000004e+01,3.00000000e+00
1.00000000e+00,7.89876044e-01,3.33492309e-02,1.82421476e-01,1.65877992e-03,2.07000008e+01,3.00000000e+00
1.00000000e+00,7.88580775e-01,4.41380590e-02,1.92086399e-01,7.22221681e-04,2.07999992e+01,3.00000000e+00
1.00000000e+00,7.88479090e-01,4.81246375e-02,2.05645025e-01,2.42867647e-03,2.08999996e+01,3.00000000e+00
1.00000000e+00,7.88887858e-01,6.65104836e-02,1.93332478e-01,1.82328746e-03,2.10000000e+01,3.00000000e+00
1.00000000e+00,7.88723648e-01,6.53070658e-02,1.92279160e-01,3.13293538e-03,2.11000004e+01,3.00000000e+00
1.00000000e+00,7.88866222e-01,8.47686976e-02,2.07970932e-01,2.30522966e-03,2.12000008e+01,3.00000000e+00
1.00000000e+00,7.90101707e-01,9.65111181e-02,2.11731285e-01,1.89089123e-03,2.12999992e+01,3.00000000e+00
1.00000000e+00,7.80496180e-01,9.85087827e-02,2.08587319e-01,2.56760744e-03,2.13999996e+01,3.00000000e+00
1.00000000e+00,7.85169423e-01,1.28963441e-01,2.19466463e-01,4.59743477e-03,2.15000000e+01,3.00000000e+00
1.00000000e+00,7.60598660e-01,1.19528987e-01,2.07025647e-01,8.48272815e-03,2.16000004e+01,3.00000000e+00
1.00000000e+00,7.98523724e-01,1.82098150e-01,2.59058893e-01,1.49143115e-02,2.17000008e+01,3.00000000e+00
1.00000000e+00,6.45635068e-01,1.26120403e-01,2.43263721e-01,2.64609996e-02,2.17999992e+01,3.00000000e+00
1.00000000e+00,8.34811389e-01,2.56439567e-01,2.50259310e-01,4.03802097e-02,2.18999996e+01,3.00000000e+00
4.00000000e+00,1.52912036e-01,0.00000000e+00,0.00000000e+00,8.44168812e-02,2.20000000e+01,3.00000000e+00
1.00000000e+00,7.57269442e-01,2.97706039e-03,1.87750965e-01,1.48740038e-03,2.00000000e+01,3.09999990e+00
1.00000000e+00,7.57792294e-01,1.57401373e-03,1.86872691e-01,1.98119087e-03,2.01000004e+01,3.09999990e+00
1.00000000e+00,7.57870376e-01,3.89506435e-03,1.94898322e-01,7.14209396e-04,2.02000008e+01,3.09999990e+00
1.00000000e+00,7.55780101e-01,3.93874943e-03,1.97149888e-01,1.96175044e-03,2.02999992e+01,3.09999990e+00
1.00000000e+00,7.56470859e-01,1.55028030e-02,1.78162292e-01,7.80266593e-04,2.03999996e+01,3.09999990e+00
1.00000000e+00,7.57174015e-01,1.86089054e-02,1.83032021e-01,1.82898145e-03,2.05000000e+01,3.09999990e+00
1.00000000e+00,7.56848454e-01,2.54802257e-02,2.00544477e-01,6.42978412e-04,2.06000004e+01,3.09999990e+00
1.00000000e+00,7.57480979e-01,3.41676809e-02,1.85426101e-01,1.99075206e-03,2.07000008e+01,3.09999990e+00
1.00000000e+00,7.58013368e-01,4.41624559e-02,1.76773459e-01,6.46477507e-04,2.07999992e+01,3.09999990e+00
1.00000000e+00,7.59144008e-01,4.64517437e-02,1.95718899e-01,2.78229383e-03,2.08999996e+01,3.09999990e+00
1.00000000e+00,7.61160076e-01,6.55437782e-02,1.98920101e-01,1.24283286e-03,2.10000000e+01,3.09999990e+00
1.00000000e+00,7.62840569e-01,6.61097839e-02,1.82008609e-01,3.02297296e-03,2.11000004e+01,3.09999990e+00
1.00000000e+00,7.61888862e-01,8.12728256e-02,1.94330782e-01,1.15776621e-03,2.12000008e+01,3.09999990e+00
1.00000000e+00,7.64987767e-01,9.58232284e-02,2.06309691e-01,2.28003319e-03,2.12999992e+01,3.09999990e+00
1.00000000e+00,7.75570393e-01,1.03414804e-01,1.91173419e-01,1.11527287e-03,2.13999996e+01,3.09999990e+00
1.00000000e+00,7.57635951e-01,1.30429447e-01,2.10219756e-01,9.75583564e-04,2.15000000e+01,3.09999990e+00
1.00000000e+00,7.87668526e-01,1.19651794e-01,2.13632658e-01,2.98124598e-03,2.16000004e+01,3.09999990e+00
1.00000000e+00,7.34810829e-01,1.93727672e-01,2.08344132e-01,5.35268476e-03,2.17000008e+01,3.09999990e+00
1.00000000e+00,8.52988005e-01,1.17723741e-01,2.23690554e-01,2.11850740e-02,2.17999992e+01,3.09999990e+00
1.00000000e+00,6.53927565e-01,3.60048115e-01,2.12646157e-01,3.23168784e-02,2.18999996e+01,3.09999990e+00
4.00000000e+00,1.23219645e+00,0.00000000e+00,0.00000000e+00,2.52076656e-01,2.20000000e+01,3.09999990e+00
1.00000000e+00,7.05077171e-01,4.11767978e-03,1.82673141e-01,2.03894707e-03,2.00000000e+01,3.20000005e+00
1.00000000e+00,7.08127081e-01,-3.44169652e-03,2.05022618e-01,2.55235564e-03,2.01000004e+01,3.20000005e+00
1.00000000e+00,7.12563157e-01,4.53071296e-03,1.73796430e-01,1.23109773e-03,2.02000008e+01,3.20000005e+00
1.00000000e+00,7.12631881e-01,6.70224242e-03,1.82845950e-01,2.28692289e-03,2.02999992e+01,3.20000005e+00
1.00000000e+00,7.13182330e-01,1.08489227e-02,2.01198727e-01,1.02360244e-03,2.03999996e+01,3.20000005e+00
1.00000000e+00,7.15794325e-01,1.98166464e-02,1.77034467e-01,2.18716287e-03,2.05000000e+01,3.20000005e+00
1.00000000e+00,7.16225028e-01,2.59608570e-02,1.71314225e-01,6.41602674e-04,2.06000004e+01,3.20000005e+00
1.00000000e+00,7.16840267e-01,3.11938021e-02,1.94502056e-01,2.40814290e-03,2.07000008e+01,3.20000005e+00
1.00000000e+00,7.19083488e-01,4.39703166e-02,1.88542292e-01,8.13770515e-04,2.07999992e+01,3.20000005e+00
1.00000000e+00,7.21785009e-01,4.55325991e-02,1.70388043e-01,2.70041008e-03,2.08999996e+01,3.20000005e+00
1.00000000e+00,7.22063363e-01,6.06934205e-02,1.86617911e-01,8.40777240e-04,2.10000000e+01,3.20000005e+00
1.00000000e+00,7.28961170e-01,6.55699596e-02,1.93622261e-01,3.06638796e-03,2.11000004e+01,3.20000005e+00
1.00000000e+00,7.28485048e-01,8.31079334e-02,1.84309259e-01,1.50087615e-03,2.12000008e+01,3.20000005e+00
1.00000000e+00,7.31709540e-01,8.36703926e-02,1.84566274e-01,3.87162925e-03,2.12999992e+01,3.20000005e+00
1.00000000e+00,7.37610281e-01,1.09401062e-01,1.85678795e-01,2.87276646e-03,2.13999996e+01,3.20000005e+00
1.00000000e+00,7.43639052e-01,1.22313373e-01,2.04455212e-01,3.40154697e-03,2.15000000e+01,3.20000005e+00
1.00000000e+00,7.24293292e-01,1.31988242e-01,1.95543990e-01,5.35315182e-03,2.16000004e+01,3.20000005e+00
1.00000000e+00,7.57327020e-01,1.96086600e-01,1.93078429e-01,9.44647938e-03,2.17000008e+01,3.20000005e+00
1.00000000e+00,6.55322075e-01,1.35637641e-01,1.82458043e-01,2.07334310e-02,2.17999992e+01,3.20000005e+00
1.00000000e+00,8.25376093e-01,3.20419371e-01,2.26986155e-01,3.51769105e-02,2.18999996e+01,3.20000005e+00
4.00000000e+00,2.71157891e-01,0.00000000e+00,0.00000000e+00,7.40059391e-02,2.20000000e+01,3.20000005e+00
1.00000000e+00,6.44882381e-01,6.56135080e-06,1.89485326e-01,2.35169590e-03,2.00000000e+01,3.29999995e+00
1.00000000e+00,6.47999823e-01,-6.68562530e-03,1.95268378e-01,2.75516720e-03,2.01000004e+01,3.29999995e+00
1.00000000e+00,6.52922869e-01,-1.78048236e-03,1.86687320e-01,1.82441215e-03,2.02000008e+01,3.29999995e+00
1.00000000e+00,6.58432364e-01,7.21343700e-03,1.74065486e-01,2.65230448e-03,2.02999992e+01,3.29999995e+00
1.00000000e+00,6.59373343e-01,9.10829287e-03,1.87649608e-01,1.22540293e-03,2.03999996e+01,3.29999995e+00
1.00000000e+00,6.60738289e-01,1.64372455e-02,1.86295822e-01,2.87215575e-03,2.05000000e+01,3.29999995e+00
1.00000000e+00,6.62859023e-01,2.68955901e-02,1.67773515e-01,1.16525323e-03,2.06000004e+01,3.29999995e+00
1.00000000e+00,6.64703429e-01,2.81643178e-02,1.78517610e-01,2.88802502e-03,2.07000008e+01,3.29999995e+00
1.00000000e+00,6.68958962e-01,3.98508869e-02,1.87588021e-01,1.09200936e-03,2.07999992e+01,3.29999995e+00
1.00000000e+00,6.72349513e-01,4.61747646e-02,1.74362108e-01,2.83571519e-03,2.08999996e+01,3.29999995e+00
1.00000000e+00,6.72171831e-01,5.46100214e-02,1.76529303e-01,8.58700485e-04,2.10000000e+01,3.29999995e+00
1.00000000e+00,6.80290043e-01,6.09970614e-02,1.80445179e-01,3.46450694e-03,2.11000004e+01,3.29999995e+00
1.00000000e+00,6.87912107e-01,7.91943073e-02,1.78931892e-01,8.39214888e-04,2.12000008e+01,3.29999995e+00
1.00000000e+00,6.89648807e-01,7.94550627e-02,1.81579962e-01,4.39597573e-03,2.12999992e+01,3.29999995e+00
1.00000000e+00,6.97443545e-01,1.01798631e-01,1.82983592e-01,1.25931099e-03,2.13999996e+01,3.29999995e+00
1.00000000e+00,7.00641155e-01,1.21529639e-01,1.73875064e-01,2.51456234e-03,2.15000000e+01,3.29999995e+00
1.00000000e+00,7.32500255e-01,1.18414499e-01,1.71520889e-01,3.72397690e-03,2.16000004e+01,3.29999995e+00
1.00000000e+00,7.08770812e-01,2.01473057e-01,1.92451239e-01,6.42402796e-03,2.17000008e+01,3.29999995e+00
1.00000000e+00,8.10158432e-01,9.98546183e-02,1.80115297e-01,1.83635168e-02,2.17999992e+01,3.29999995e+00
1.00000000e+00,6.63687408e-01,3.92731845e-01,1.52102455e-01,3.38185951e-02,2.18999996e+01,3.29999995e+00
4.00000000e+00,1.17257428e+00,0.00000000e+00,0.00000000e+00,2.27080792e-01,2.20000000e+01,3.29999995e+00
1.00000000e+00,5.75830400e-01,-5.67714823e-03,1.99525088e-01,2.64093908e-03,2.00000000e+01,3.40000010e+00
1.00000000e+00,5.82323194e-01,-8.59618001e-03,1.71568036e-01,2.90757813e-03,2.01000004e+01,3.40000010e+00
1.00000000e+00,5.85974395e-01,-8.02478287e-03,2.01213449e-01,1.57053513e-03,2.02000008e+01,3.40000010e+00
1.00000000e+00,5.91310263e-01,6.79409364e-04,1.85718164e-01,3.16953822e-03,2.02999992e+01,3.40000010e+00
1.00000000e+00,5.94067216e-01,1.21394368e-02,1.55404106e-01,1.61133078e-03,2.03999996e+01,3.40000010e+00
1.00000000e+00,5.95228255e-01,1.24405269e-02,1.82205498e-01,2.93373363e-03,2.05000000e+01,3.40000010e+00
1.00000000e+00,5.98191321e-01,2.41913050e-02,1.91207975e-01,1.60716369e-03,2.06000004e+01,3.40000010e+00
1.00000000e+00,5.99839926e-01,2.73485575e-02,1.64022192e-01,3.31641431e-03,2.07000008e+01,3.40000010e+00
1.00000000e+00,6.01751089e-01,3.42489220e-02,1.65503189e-01,1.51797687e-03,2.07999992e+01,3.40000010e+00
1.00000000e+00,6.09083474e-01,4.31931205e-02,1.85144976e-01,3.05980979e-03,2.08999996e+01,3.40000010e+00
1.00000000e+00,6.14330530e-01,5.05712889e-02,1.78555548e-01,1.26713864e-03,2.10000000e+01,3.40000010e+00
1.00000000e+00,6.19246900e-01,5.36570773e-02,1.63608432e-01,3.58436187e-03,2.11000004e+01,3.40000010e+00
1.00000000e+00,6.23865902e-01,7.25852996e-02,1.74540102e-01,7.64577766e-04,2.12000008e+01,3.40000010e+00
1.00000000e+00,6.39918447e-01,7.04084113e-02,1.75234228e-01,5.18937269e-03,2.12999992e+01,3.40000010e+00
1.00000000e+00,6.41941607e-01,1.01126894e-01,1.72488287e-01,2.03763228e-03,2.13999996e+01,3.40000010e+00
1.00000000e+00,6.59337997e-01,9.90018174e-02,1.66671276e-01,5.17406454e-03,2.15000000e+01,3.40000010e+00
1.00000000e+00,6.61859274e-01,1.21610165e-01,1.63020208e-01,2.34686234e-03,2.16000004e+01,3.40000010e+00
1.00000000e+00,6.92052364e-01,1.76154315e-01,1.75772831e-01,3.97741329e-03,2.17000008e+01,3.40000010e+00
1.00000000e+00,6.29819155e-01,1.32750377e-01,1.48787364e-01,1.41854063e-02,2.17999992e+01,3.40000010e+00
1.00000000e+00,7.73876071e-01,3.16492051e-01,1.47834778e-01,2.76360717e-02,2.18999996e+01,3.40000010e+00
4.00000000e+00,3.43866259e-01,0.00000000e+00,0.00000000e+00,6.90222606e-02,2.20000000e+01,3.40000010e+00
1.00000000e+00,4.97146308e-01,-1.12214833e-02,2.08315179e-01,3.19073163e-03,2.00000000e+01,3.50000000e+00
1.00000000e+00,5.07948458e-01,-1.86406821e-02,1.84408337e-01,3.81888472e-03,2.01000004e+01,3.50000000e+00
1.00000000e+00,5.13256907e-01,-6.21524174e-03,1.71269029e-01,1.90219830e-03,2.02000008e+01,3.50000000e+00
1.00000000e+00,5.10251462e-01,-3.48717649e-03,1.85719520e-01,3.43502150e-03,2.02999992e+01,3.50000000e+00
1.00000000e+00,5.11168659e-01,9.78628080e-03,1.73373893e-01,2.74519832e-03,2.03999996e+01,3.50000000e+00
1.00000000e+00,5.12747407e-01,1.27218328e-02,1.63558349e-01,3.76507686e-03,2.05000000e+01,3.50000000e+00
1.00000000e+00,5.16865969e-01,1.82304718e-02,1.77264035e-01,2.30455818e-03,2.06000004e+01,3.50000000e+00
1.00000000e+00,5.22355914e-01,2.69421153e-02,1.75151676e-01,3.76648502e-03,2.07000008e+01,3.50000000e+00
1.00000000e+00,5.22691727e-01,3.01446375e-02,1.69651240e-01,2.27606483e-03,2.07999992e+01,3.50000000e+00
1.00000000e+00,5.27977049e-01,3.51722278e-02,1.69695213e-01,3.99270281e-03,2.08999996e+01,3.50000000e+00
1.00000000e+00,5.39174795e-01,4.35161181e-02,1.68536142e-01,2.13506515e-03,2.10000000e+01,3.50000000e+00
1.00000000e+00,5.46304464e-01,5.01226671e-02,1.71730280e-01,3.74469790e-03,2.11000004e+01,3.50000000e+00
1.00000000e+00,5.52435279e-01,5.85390478e-02,1.75077066e-01,2.02458189e-03,2.12000008e+01,3.50000000e+00
1.00000000e+00,5.68134427e-01,6.34805933e-02,1.55281246e-01,4.37110057e-03,2.12999992e+01,3.50000000e+00
1.00000000e+00,5.80031455e-01,8.15695599e-02,1.64720222e-01,2.27513793e-03,2.13999996e+01,3.50000000e+00
1.00000000e+00,5.93437254e-01,8.97448361e-02,1.70129791e-01,5.49600227e-03,2.15000000e+01,3.50000000e+00
1.00000000e+00,6.19071543e-01,9.53583643e-02,1.57064900e-01,2.98570283e-03,2.16000004e+01,3.50000000e+00
1.00000000e+00,6.26023531e-01,1.75015479e-01,1.35346010e-01,6.90022670e-03,2.17000008e+01,3.50000000e+00
1.00000000e+00,7.31309116e-01,6.56068996e-02,1.27321586e-01,1.85225960e-02,2.17999992e+01,3.50000000e+00
1.00000000e+00,6.42126322e-01,3.75103801e-01,1.55020624e-01,3.77284959e-02,2.18999996e+01,3.50000000e+00
4.00000000e+00,1.05232120e+00,0.00000000e+00,0.00000000e+00,1.91245943e-01,2.20000000e+01,3.50000000e+00
1.00000000e+00,4.09906566e-01,-1.38149410e-02,2.11874738e-01,3.77574144e-03,2.00000000e+01,3.59999990e+00
1.00000000e+00,4.10863370e-01,-2.57346574e-02,1.99063465e-01,4.21768799e-03,2.01000004e+01,3.59999990e+00
1.00000000e+00,4.13588226e-01,-7.89044611e-03,1.50737271e-01,3.03619565e-03,2.02000008e+01,3.59999990e+00
1.00000000e+00,4.15815711e-01,1.92132895e-03,1.60426676e-01,3.97986034e-03,2.02999992e+01,3.59999990e+00
1.00000000e+00,4.19952661e-01,1.96269760e-03,1.97644711e-01,2.63736094e-03,2.03999996e+01,3.59999990e+00
1.00000000e+00,4.20409769e-01,1.53677966e-02,1.68235928e-01,4.43389174e-03,2.05000000e+01,3.59999990e+00
1.00000000e+00,4.17630732e-01,1.33035136e-02,1.53279260e-01,2.82111904e-03,2.06000004e+01,3.59999990e+00
1.00000000e+00,4.26015794e-01,2.10844930e-02,1.75017655e-01,4.08359570e-03,2.07000008e+01,3.59999990e+00
1.00000000e+00,4.34547782e-01,2.67325919e-02,1.80460498e-01,2.48759636e-03,2.07999992e+01,3.59999990e+00
1.00000000e+00,4.39405859e-01,2.72289850e-02,1.62519321e-01,4.17891750e-03,2.08999996e+01,3.59999990e+00
1.00000000e+00,4.45223838e-01,3.44440155e-02,1.62174627e-01,2.45649484e-03,2.10000000e+01,3.59999990e+00
1.00000000e+00,4.59010363e-01,4.07528654e-02,1.72423631e-01,4.11596475e-03,2.11000004e+01,3.59999990e+00
1.00000000e+00,4.71520513e-01,4.53252234e-02,1.67432517e-01,2.71064369e-03,2.12000008e+01,3.59999990e+00
1.00000000e+00,4.86439049e-01,5.29205129e-02,1.56503931e-01,3.84717900e-03,2.12999992e+01,3.59999990e+00
1.00000000e+00,4.93232280e-01,6.61574900e-02,1.66400820e-01,1.79412006e-03,2.13999996e+01,3.59999990e+00
1.00000000e+00,5.28833985e-01,6.48740083e-02,1.48276687e-01,6.27946435e-03,2.15000000e+01,3.59999990e+00
1.00000000e+00,5.29770911e-01,9.76493433e-02,1.49572000e-01,3.97853460e-03,2.16000004e+01,3.59999990e+00
1.00000000e+00,5.84780216e-01,9.96674821e-02,1.49767622e-01,4.79644304e-03,2.17000008e+01,3.59999990e+00
1.00000000e+00,5.65828979e-01,1.04902521e-01,1.15034170e-01,7.74854468e-03,2.17999992e+01,3.59999990e+00
1.00000000e+00,6.84793949e-01,2.34163940e-01,1.25056431e-01,1.62568968e-02,2.18999996e+01,3.59999990e+00
4.00000000e+00,4.22746241e-01,0.00000000e+00,0.00000000e+00,6.01775907e-02,2.20000000e+01,3.59999990e+00
1.00000000e+00,3.10987115e-01,-8.06274917e-03,2.06122726e-01,4.77230549e-03,2.00000000e+01,3.70000005e+00
1.00000000e+00,3.04882437e-01,-1.67809092e-02,1.64611056e-01,4.44769580e-03,2.01000004e+01,3.70000005e+00
1.00000000e+00,3.05405229e-01,-2.13377755e-02,1.93276405e-01,3.39990808e-03,2.02000008e+01,3.70000005e+00
1.00000000e+00,3.05961877e-01,6.73628831e-03,1.59763366e-01,5.35319280e-03,2.02999992e+01,3.70000005e+00
1.00000000e+00,3.04650337e-01,-2.35938304e-03,1.58048093e-01,3.15999286e-03,2.03999996e+01,3.70000005e+00
1.00000000e+00,3.15514475e-01,1.14960000e-02,1.75914228e-01,4.43498231e-03,2.05000000e+01,3.70000005e+00
1.00000000e+00,3.19047540e-01,1.30330566e-02,1.75196841e-01,3.38429608e-03,2.06000004e+01,3.70000005e+00
1.00000000e+00,3.20314825e-01,1.22021837e-02,1.65198997e-01,4.47188970e-03,2.07000008e+01,3.70000005e+00
1.00000000e+00,3.28916878e-01,1.83300339e-02,1.62665352e-01,3.36796464e-03,2.07999992e+01,3.70000005e+00
1.00000000e+00,3.40490878e-01,2.15008054e-02,1.70433804e-01,4.48146835e-03,2.08999996e+01,3.70000005e+00
1.00000000e+00,3.47663492e-01,2.41924096e-02,1.73690736e-01,3.19236121e-03,2.10000000e+01,3.70000005e+00
1.00000000e+00,3.59655052e-01,2.73464974e-02,1.60658509e-01,4.52442141e-03,2.11000004e+01,3.70000005e+00
1.00000000e+00,3.75188708e-01,2.87934914e-02,1.56153738e-01,3.59514495e-03,2.12000008e+01,3.70000005e+00
1.00000000e+00,3.88797194e-01,4.52474616e-02,1.68103710e-01,3.78295826e-03,2.12999992e+01,3.70000005e+00
1.00000000e+00,4.07355279e-01,3.47855687e-02,1.65301740e-01,5.11019304e-03,2.13999996e+01,3.70000005e+00
1.00000000e+00,4.32925701e-01,5.75414784e-02,1.32648155e-01,3.85739212e-03,2.15000000e+01,3.70000005e+00
1.00000000e+00,4.53827202e-01,4.22156490e-02,1.55758768e-01,7.01815356e-03,2.16000004e+01,3.70000005e+00
1.00000000e+00,4.70481753e-01,9.37038437e-02,1.47343487e-01,1.05896108e-02,2.17000008e+01,3.70000005e+00
1.00000000e+00,5.63536048e-01,1.69662368e-02,1.08554713e-01,1.59718599e-02,2.17999992e+01,3.70000005e+00
1.00000000e+00,5.41344404e-01,2.83804476e-01,8.76973718e-02,3.28193568e-02,2.18999996e+01,3.70000005e+00
4.00000000e+00,8.81760776e-01,0.00000000e+00,0.00000000e+00,1.45258412e-01,2.20000000e+01,3.70000005e+00
1.00000000e+00,2.12214485e-01,-2.75151274e-06,1.86882526e-01,5.03596803e-03,2.00000000e+01,3.79999995e+00
1.00000000e+00,2.05475256e-01,-9.19214450e-03,1.34115964e-01,4.12329705e-03,2.01000004e+01,3.79999995e+00
1.00000000e+00,2.09002644e-01,-2.38937978e-02,1.85155734e-01,3.20134778e-03,2.02000008e+01,3.79999995e+00
1.00000000e+00,2.10330725e-01,5.16704423e-03,1.83946550e-01,3.88794602e-03,2.02999992e+01,3.79999995e+00
1.00000000e+00,1.97660625e-01,2.65006046e-03,1.48260191e-01,3.80712678e-03,2.03999996e+01,3.79999995e+00
1.00000000e+00,2.02380046e-01,-2.97040585e-03,1.67190045e-01,4.09553992e-03,2.05000000e+01,3.79999995e+00
1.00000000e+00,2.13380128e-01,1.21635655e-02,1.78727627e-01,3.08195734e-03,2.06000004e+01,3.79999995e+00
1.00000000e+00,2.16851085e-01,7.44585088e-03,1.67379260e-01,4.10038373e-03,2.07000008e+01,3.79999995e+00
1.00000000e+00,2.20724285e-01,8.06464814e-03,1.61866099e-01,3.46193044e-03,2.07999992e+01,3.79999995e+00
1.00000000e+00,2.31419668e-01,1.20109450e-02,1.69621542e-01,4.39567212e-03,2.08999996e+01,3.79999995e+00
1.00000000e+00,2.42418945e-01,1.31877605e-02,1.70371115e-01,3.51643353e-03,2.10000000e+01,3.79999995e+00
1.00000000e+00,2.53204554e-01,1.54998368e-02,1.61678046e-01,4.54789540e-03,2.11000004e+01,3.79999995e+00
1.00000000e+00,2.63602048e-01,1.49966702e-02,1.62312508e-01,3.76036204e-03,2.12000008e+01,3.79999995e+00
1.00000000e+00,2.81686932e-01,2.85448916e-02,1.61340415e-01,4.10137046e-03,2.12999992e+01,3.79999995e+00
1.00000000e+00,3.01978648e-01,8.11842829e-03,1.55032516e-01,6.17135316e-03,2.13999996e+01,3.79999995e+00
1.00000000e+00,3.21910501e-01,4.99920361e-02,1.47593081e-01,1.74739317e-03,2.15000000e+01,3.79999995e+00
1.00000000e+00,3.33988011e-01,1.24796899e-02,1.62290901e-01,8.19682516e-03,2.16000004e+01,3.79999995e+00
1.00000000e+00,3.98416609e-01,5.18379100e-02,1.03873380e-01,5.04203420e-03,2.17000008e+01,3.79999995e+00
1.00000000e+00,3.76396984e-01,-3.77837056e-03,1.36100322e-01,1.23035396e-02,2.17999992e+01,3.79999995e+00
1.00000000e+00,5.27638137e-01,8.46045613e-02,1.09941900e-01,1.00545082e-02,2.18999996e+01,3.79999995e+00
4.00000000e+00,4.33963746e-01,0.00000000e+00,0.00000000e+00,5.04994355e-02,2.20000000e+01,3.79999995e+00
1.00000000e+00,1.25721917e-01,5.59551595e-03,1.47925079e-01,3.52970324e-03,2.00000000e+01,3.90000010e+00
1.00000000e+00,1.15764163e-01,-1.95142031e-02,1.92542210e-01,6.28618104e-03,2.01000004e+01,3.90000010e+00
1.00000000e+00,9.84196663e-02,-2.74385512e-03,1.26987532e-01,3.85075528e-03,2.02000008e+01,3.90000010e+00
1.00000000e+00,9.64528397e-02,-2.50505866e-03,1.67177975e-01,3.60442558e-03,2.02999992e+01,3.90000010e+00
1.00000000e+00,1.04088828e-01,9.81125049e-03,1.84940919e-01,4.59230272e-03,2.03999996e+01,3.90000010e+00
1.00000000e+00,1.02731697e-01,-8.41943733e-03,1.68313310e-01,3.69222788e-03,2.05000000e+01,3.90000010e+00
1.00000000e+00,1.00664847e-01,5.74838417e-03,1.56078234e-01,3.57279507e-03,2.06000004e+01,3.90000010e+00
1.00000000e+00,1.08601429e-01,3.05342511e-03,1.70374945e-01,4.73955693e-03,2.07000008e+01,3.90000010e+00
1.00000000e+00,1.14909850e-01,3.00038420e-03,1.77970409e-01,3.46462009e-03,2.07999992e+01,3.90000010e+00
1.00000000e+00,1.17736690e-01,3.00791953e-03,1.64998531e-01,4.52041579e-03,2.08999996e+01,3.90000010e+00
1.00000000e+00,1.24716394e-01,2.35661934e-03,1.58844560e-01,4.19049151e-03,2.10000000e+01,3.90000010e+00
1.00000000e+00,1.34251550e-01,7.11021107e-03,1.68988720e-01,5.06785978e-03,2.11000004e+01,3.90000010e+00
1.00000000e+00,1.41981438e-01,2.67774006e-03,1.70748666e-01,4.68541868e-03,2.12000008e+01,3.90000010e+00
1.00000000e+00,1.52025342e-01,1.22439917e-02,1.54001474e-01,5.02535142e-03,2.12999992e+01,3.90000010e+00
1.00000000e+00,1.64761305e-01,-9.22511425e-03,1.50762945e-01,6.78304909e-03,2.13999996e+01,3.90000010e+00
1.00000000e+00,1.77902758e-01,3.47405449e-02,1.61995754e-01,3.62321711e-03,2.15000000e+01,3.90000010e+00
1.00000000e+00,1.99429527e-01,-2.06911769e-02,1.47327125e-01,1.15335062e-02,2.16000004e+01,3.90000010e+00
1.00000000e+00,2.03053102e-01,3.98218557e-02,1.21391505e-01,3.30831599e-03,2.17000008e+01,3.90000010e+00
1.00000000e+00,2.56535321e-01,-4.05668542e-02,1.46240473e-01,1.94705110e-02,2.17999992e+01,3.90000010e+00
1.00000000e+00,1.46781042e-01,3.59246321e-02,1.25097722e-01,1.55008025e-02,2.18999996e+01,3.90000010e+00
4.00000000e+00,5.39352834e-01,0.00000000e+00,0.00000000e+00,8.53980109e-02,2.20000000e+01,3.90000010e+00
2.00000000e+00,4.74650003e-02,1.03218993e-02,9.13267434e-02,3.17828404e-03,2.00000000e+01,4.00000000e+00
2.00000000e+00,0.00000000e+00,0.00000000e+00,2.53293306e-01,6.62478106e-03,2.01000004e+01,4.00000000e+00
2.00000000e+00,0.00000000e+00,0.00000000e+00,1.43296257e-01,4.48242202e-03,2.02000008e+01,4.00000000e+00
2.00000000e+00,0.00000000e+00,0.00000000e+00,1.53333187e-01,3.12221237e-03,2.02999992e+01,4.00000000e+00
2.00000000e+00,0.00000000e+00,0.00000000e+00,1.83101490e-01,4.31995653e-03,2.03999996e+01,4.00000000e+00
2.00000000e+00,0.00000000e+00,0.00000000e+00,1.65468231e-01,3.14553548e-03,2.05000000e+01,4.00000000e+00
2.00000000e+00,0.00000000e+00,0.00000000e+00,1.64677754e-01,3.15489736e-03,2.06000004e+01,4.00000000e+00
2.00000000e+00,0.00000000e+00,0.00000000e+00,1.72154501e-01,4.18743538e-03,2.07000008e+01,4.00000000e+00
2.00000000e+00,0.00000000e+00,0.00000000e+00,1.69068858e-01,3.13259009e-03,2.07999992e+01,4.00000000e+00
2.00000000e+00,0.00000000e+00,0.00000000e+00,1.67300865e-01,4.53278003e-03,2.08999996e+01,4.00000000e+00
2.00000000e+00,0.00000000e+00,0.00000000e+00,1.67424589e-01,4.00288915e-03,2.10000000e+01,4.00000000e+00
2.00000000e+00,0.00000000e+00,0.00000000e+00,1.67103291e-01,4.77975141e-03,2.11000004e+01,4.00000000e+00
2.00000000e+00,0.00000000e+00,0.00000000e+00,1.62490189e-01,5.00899972e-03,2.12000008e+01,4.00000000e+00
2.00000000e+00,0.00000000e+00,0.00000000e+00,1.62038416e-01,5.78901637e-03,2.12999992e+01,4.00000000e+00
2.00000000e+00,0.00000000e+00,0.00000000e+00,1.55392811e-01,7.00896094e-03,2.13999996e+01,4.00000000e+00
2.00000000e+00,0.00000000e+00,0.00000000e+00,1.67960361e-01,4.25439514e-03,2.15000000e+01,4.00000000e+00
2.00000000e+00,0.00000000e+00,0.00000000e+00,1.06971473e-01,1.35833155e-02,2.16000004e+01,4.00000000e+00
2.00000000e+00,0.00000000e+00,0.00000000e+00,2.04589501e-01,1.70547154e-03,2.17000008e+01,4.00000000e+00
2.00000000e+00,0.00000000e+00,0.00000000e+00,7.78311715e-02,1.66417044e-02,2.17999992e+01,4.00000000e+00
2.00000000e+00,0.00000000e+00,0.00000000e+00,1.28730640e-01,5.74837392e-03,2.18999996e+01,4.00000000e+00
2.00000000e+00,0.00000000e+00,0.00000000e+00,7.28485659e-02,2.95858495e-02,2.20000000e+01,4.00000000e+00
