time,drag,lift,deltap
0,0,0,0
0.00125,1.45341e-06,-8.1406e-09,9.08266e-07
0.0025,1.12498e-05,-2.50746e-08,6.86513e-06
0.00375,3.05994e-05,-6.09325e-08,1.8429e-05
0.005,5.97741e-05,-1.10231e-07,3.564e-05
0.00625,9.91379e-05,-1.71237e-07,5.86177e-05
0.0075,0.000148971,-2.51103e-07,8.7442e-05
0.00875,0.000209518,-3.42292e-07,0.00012218
0.01,0.000281007,-4.48215e-07,0.000162897
0.01125,0.000366218,-5.69677e-07,0.000211225
0.0125,0.000467073,-6.99728e-07,0.000268153
0.01375,0.000579251,-8.47202e-07,0.000330978
0.015,0.000703404,-1.00523e-06,0.000400078
0.01625,0.000839604,-1.17618e-06,0.00047545
0.0175,0.000987939,-1.35829e-06,0.000557102
0.01875,0.00114851,-1.55128e-06,0.000645055
0.02,0.00132138,-1.75997e-06,0.000739292
0.02125,0.00150606,-1.97574e-06,0.000839483
0.0225,0.00169872,-2.20447e-06,0.000943277
0.02375,0.00190228,-2.44433e-06,0.00105253
0.025,0.00211876,-2.69647e-06,0.00116836
0.02625,0.0023476,-2.96284e-06,0.0012904
0.0275,0.00258905,-3.23862e-06,0.00141875
0.02875,0.0028432,-3.52625e-06,0.00155341
0.03,0.00311016,-3.82625e-06,0.00169441
0.03125,0.00339037,-4.13518e-06,0.001842
0.0325,0.00368535,-4.45666e-06,0.00199704
0.03375,0.00399785,-4.78482e-06,0.00216111
0.035,0.00432319,-5.12662e-06,0.00233127
0.03625,0.00466184,-5.47538e-06,0.00250784
0.0375,0.00501403,-5.83121e-06,0.00269092
0.03875,0.00537963,-6.19688e-06,0.00288043
0.04,0.0057587,-6.56856e-06,0.00307636
0.04125,0.00615113,-6.95143e-06,0.00327862
0.0425,0.00655607,-7.33964e-06,0.00348668
0.04375,0.00697122,-7.73296e-06,0.00369915
0.045,0.00739736,-8.13722e-06,0.00391656
0.04625,0.00783778,-8.54842e-06,0.00414086
0.0475,0.00829128,-8.96709e-06,0.00437128
0.04875,0.00875815,-9.39302e-06,0.00460796
0.05,0.00923844,-9.82618e-06,0.00485091
0.05125,0.00973225,-1.0266e-05,0.00510017
0.0525,0.01024,-1.07097e-05,0.00535596
0.05375,0.010763,-1.11628e-05,0.00561907
0.055,0.0113035,-1.16191e-05,0.00589072
0.05625,0.0118578,-1.20806e-05,0.00616867
0.0575,0.0124254,-1.25457e-05,0.00645263
0.05875,0.0130071,-1.30126e-05,0.00674307
0.06,0.0136026,-1.34851e-05,0.00703973
0.06125,0.0142118,-1.39592e-05,0.00734264
0.0625,0.0148346,-1.44355e-05,0.00765163
0.06375,0.01547,-1.49146e-05,0.00796614
0.065,0.0161166,-1.53942e-05,0.0082853
0.06625,0.0167739,-1.5878e-05,0.00860892
0.0675,0.0174458,-1.63614e-05,0.0089393
0.06875,0.018131,-1.68476e-05,0.0092756
0.07,0.0188294,-1.73366e-05,0.00961784
0.07125,0.0195415,-1.78239e-05,0.00996612
0.0725,0.020267,-1.8312e-05,0.0103205
0.07375,0.0210066,-1.87998e-05,0.0106811
0.075,0.0217614,-1.92879e-05,0.0110488
0.07625,0.0225328,-1.97747e-05,0.0114242
0.0775,0.0233187,-2.02571e-05,0.0118061
0.07875,0.0241172,-2.07365e-05,0.0121934
0.08,0.0249299,-2.12127e-05,0.012587
0.08125,0.0257562,-2.1685e-05,0.0129865
0.0825,0.026596,-2.21515e-05,0.0133919
0.08375,0.027449,-2.26115e-05,0.013803
0.085,0.0283145,-2.30679e-05,0.0142193
0.08625,0.0291911,-2.35157e-05,0.0146401
0.0875,0.0300784,-2.39573e-05,0.0150651
0.08875,0.0309796,-2.43915e-05,0.0154964
0.09,0.0318942,-2.48184e-05,0.0159334
0.09125,0.0328215,-2.52382e-05,0.0163759
0.0925,0.0337621,-2.56463e-05,0.0168242
0.09375,0.0347158,-2.60444e-05,0.0172781
0.095,0.0356833,-2.64339e-05,0.0177381
0.09625,0.0366656,-2.68103e-05,0.0182048
0.0975,0.0376634,-2.71736e-05,0.0186785
0.09875,0.0386757,-2.75218e-05,0.0191586
0.1,0.0397001,-2.78555e-05,0.0196436
0.10125,0.0407381,-2.81726e-05,0.0201345
0.1025,0.0417894,-2.84713e-05,0.0206311
0.10375,0.0428535,-2.87523e-05,0.0211332
0.105,0.0439305,-2.9013e-05,0.0216406
0.10625,0.0450194,-2.92538e-05,0.022153
0.1075,0.046119,-2.94717e-05,0.0226696
0.10875,0.0472293,-2.96669e-05,0.0231904
0.11,0.0483525,-2.98397e-05,0.0237168
0.11125,0.049489,-2.99876e-05,0.0242489
0.1125,0.0506375,-3.0109e-05,0.0247861
0.11375,0.0517987,-3.0202e-05,0.0253288
0.115,0.0529727,-3.02668e-05,0.025877
0.11625,0.05416,-3.03018e-05,0.0264309
0.1175,0.0553613,-3.03023e-05,0.0269912
0.11875,0.0565775,-3.027e-05,0.0275581
0.12,0.0578078,-3.02012e-05,0.0281313
0.12125,0.0590497,-3.0093e-05,0.0287093
0.1225,0.0603045,-2.99452e-05,0.0292928
0.12375,0.0615723,-2.97548e-05,0.029882
0.125,0.0628525,-2.95207e-05,0.0304765
0.12625,0.0641449,-2.92404e-05,0.0310762
0.1275,0.0654489,-2.89116e-05,0.0316807
0.12875,0.0667634,-2.85325e-05,0.0322895
0.13,0.0680885,-2.81011e-05,0.0329026
0.13125,0.0694257,-2.76166e-05,0.033521
0.1325,0.0707761,-2.70746e-05,0.0341454
0.13375,0.0721381,-2.6474e-05,0.0347748
0.135,0.0735126,-2.5812e-05,0.0354097
0.13625,0.0748996,-2.50851e-05,0.0360503
0.1375,0.0762996,-2.4292e-05,0.0366968
0.13875,0.0777135,-2.3428e-05,0.0373497
0.14,0.0791418,-2.24917e-05,0.0380093
0.14125,0.0805839,-2.14789e-05,0.0386754
0.1425,0.0820379,-2.03849e-05,0.0393467
0.14375,0.0835044,-1.92087e-05,0.0400237
0.145,0.084984,-1.79463e-05,0.0407069
0.14625,0.086476,-1.65938e-05,0.0413957
0.1475,0.0879804,-1.51483e-05,0.0420902
0.14875,0.0894964,-1.36059e-05,0.04279
0.15,0.0910233,-1.19639e-05,0.0434948
0.15125,0.0925613,-1.02176e-05,0.0442046
0.1525,0.0941115,-8.36466e-06,0.0449204
0.15375,0.0956754,-6.40122e-06,0.0456428
0.155,0.0972515,-4.32245e-06,0.0463712
0.15625,0.0988403,-2.12457e-06,0.0471058
0.1575,0.100443,1.96718e-07,0.0478472
0.15875,0.102058,2.64538e-06,0.0485953
0.16,0.103689,5.22631e-06,0.049351
0.16125,0.105334,7.94368e-06,0.0501145
0.1625,0.106994,1.0803e-05,0.0508855
0.16375,0.108667,1.381e-05,0.0516633
0.165,0.110354,1.69671e-05,0.0524481
0.16625,0.112055,2.02804e-05,0.0532405
0.1675,0.113769,2.37555e-05,0.0540401
0.16875,0.115498,2.73954e-05,0.054847
0.17,0.117239,3.12064e-05,0.0556611
0.17125,0.118994,3.51933e-05,0.0564821
0.1725,0.120761,3.93604e-05,0.0573101
0.17375,0.122542,4.37125e-05,0.0581461
0.175,0.124339,4.82545e-05,0.0589909
0.17625,0.12615,5.29923e-05,0.059844
0.1775,0.127976,5.79306e-05,0.0607057
0.17875,0.129818,6.30748e-05,0.0615766
0.18,0.131676,6.843e-05,0.062457
0.18125,0.133551,7.40014e-05,0.0633475
0.1825,0.135444,7.97947e-05,0.0642486
0.18375,0.137354,8.58151e-05,0.0651602
0.185,0.139281,9.20686e-05,0.0660818
0.18625,0.141224,9.85596e-05,0.0670134
0.1875,0.143185,0.000105293,0.0679561
0.18875,0.145163,0.000112274,0.0689096
0.19,0.147158,0.000119506,0.069874
0.19125,0.149171,0.000126996,0.0708493
0.1925,0.151201,0.000134747,0.0718356
0.19375,0.153247,0.000142763,0.0728331
0.195,0.155313,0.000151048,0.0738427
0.19625,0.157398,0.000159605,0.0748654
0.1975,0.159502,0.00016844,0.0759011
0.19875,0.161627,0.000177554,0.0769499
0.2,0.163772,0.000186952,0.0780128
0.20125,0.165939,0.000196637,0.0790902
0.2025,0.168128,0.000206611,0.0801828
0.20375,0.17034,0.000216876,0.0812912
0.205,0.172575,0.000227437,0.0824155
0.20625,0.174834,0.000238294,0.0835554
0.2075,0.177114,0.000249448,0.0847111
0.20875,0.179419,0.0002609,0.0858837
0.21,0.181748,0.000272651,0.0870732
0.21125,0.184101,0.000284701,0.0882798
0.2125,0.186478,0.000297048,0.0895037
0.21375,0.188879,0.000309693,0.0907451
0.215,0.191305,0.000322631,0.0920044
0.21625,0.193757,0.000335863,0.0932827
0.2175,0.196236,0.000349383,0.0945809
0.21875,0.198743,0.000363188,0.0958993
0.22,0.201278,0.000377276,0.0972379
0.22125,0.203842,0.000391641,0.0985979
0.2225,0.206436,0.000406277,0.0999798
0.22375,0.20906,0.000421178,0.101384
0.225,0.211717,0.000436339,0.102812
0.22625,0.214405,0.000451751,0.104264
0.2275,0.217125,0.000467406,0.105739
0.22875,0.219877,0.000483295,0.107238
0.23,0.222662,0.000499409,0.108762
0.23125,0.225481,0.000515735,0.11031
0.2325,0.228333,0.000532264,0.111884
0.23375,0.231219,0.000548982,0.113483
0.235,0.234139,0.000565876,0.115108
0.23625,0.237093,0.000582932,0.11676
0.2375,0.240084,0.000600134,0.118438
0.23875,0.243111,0.000617466,0.120144
0.24,0.246176,0.000634914,0.121879
0.24125,0.249279,0.000652459,0.123643
0.2425,0.252421,0.000670083,0.125435
0.24375,0.255603,0.000687767,0.127258
0.245,0.258825,0.000705493,0.129111
0.24625,0.26209,0.000723241,0.130996
0.2475,0.265396,0.000740989,0.132912
0.24875,0.268743,0.000758717,0.134859
0.25,0.272132,0.000776402,0.136838
0.25125,0.275564,0.000794021,0.138849
0.2525,0.279039,0.000811551,0.140893
0.25375,0.282557,0.000828968,0.142968
0.255,0.286117,0.000846247,0.145077
0.25625,0.289721,0.000863363,0.147218
0.2575,0.293369,0.000880289,0.149392
0.25875,0.297061,0.000896999,0.151599
0.26,0.300798,0.000913466,0.153841
0.26125,0.304582,0.000929664,0.156118
0.2625,0.308411,0.000945563,0.158429
0.26375,0.312286,0.000961137,0.160775
0.265,0.316209,0.000976356,0.163157
0.26625,0.32018,0.000991191,0.165575
0.2675,0.324199,0.00100561,0.168029
0.26875,0.328267,0.00101959,0.17052
0.27,0.332382,0.0010331,0.173046
0.27125,0.336545,0.0010461,0.175609
0.2725,0.340755,0.00105856,0.178208
0.27375,0.345014,0.00107045,0.180843
0.275,0.349321,0.00108175,0.183515
0.27625,0.353675,0.0010924,0.186224
0.2775,0.358076,0.00110238,0.188969
0.27875,0.362525,0.00111165,0.19175
0.28,0.367022,0.00112018,0.194569
0.28125,0.371567,0.00112792,0.197425
0.2825,0.376161,0.00113484,0.200319
0.28375,0.380803,0.0011409,0.20325
0.285,0.385493,0.00114606,0.206219
0.28625,0.390232,0.00115027,0.209227
0.2875,0.395021,0.0011535,0.212274
0.28875,0.399859,0.0011557,0.21536
0.29,0.404746,0.00115683,0.218484
0.29125,0.409681,0.00115683,0.221647
0.2925,0.414665,0.00115567,0.224849
0.29375,0.419696,0.00115329,0.22809
0.295,0.424776,0.00114965,0.23137
0.29625,0.429903,0.00114469,0.234689
0.2975,0.435077,0.00113837,0.238046
0.29875,0.440298,0.00113063,0.241443
0.3,0.445566,0.00112143,0.244879
0.30125,0.450882,0.0011107,0.248354
0.3025,0.456245,0.00109841,0.25187
0.30375,0.461655,0.00108449,0.255425
0.305,0.467114,0.0010689,0.259021
0.30625,0.472619,0.00105158,0.262657
0.3075,0.478173,0.0010325,0.266335
0.30875,0.483776,0.00101159,0.270053
0.31,0.489426,0.000988819,0.273813
0.31125,0.495125,0.000964136,0.277614
0.3125,0.500872,0.0009375,0.281457
0.31375,0.506665,0.000908873,0.28534
0.315,0.512507,0.000878216,0.289266
0.31625,0.518396,0.000845495,0.293232
0.3175,0.524332,0.000810681,0.297241
0.31875,0.530315,0.000773747,0.301291
0.32,0.536344,0.00073467,0.305382
0.32125,0.54242,0.000693432,0.309515
0.3225,0.548543,0.000650017,0.31369
0.32375,0.554713,0.000604418,0.317907
0.325,0.560931,0.000556632,0.322167
0.32625,0.567197,0.000506659,0.326469
0.3275,0.573509,0.000454507,0.330814
0.32875,0.57987,0.00040019,0.335202
0.33,0.586279,0.000343725,0.339634
0.33125,0.592736,0.000285138,0.344109
0.3325,0.599241,0.00022446,0.348627
0.33375,0.605794,0.00016173,0.353189
0.335,0.612393,9.69891e-05,0.357794
0.33625,0.61904,3.02889e-05,0.362442
0.3375,0.625734,-3.83148e-05,0.367133
0.33875,0.632475,-0.000108759,0.371868
0.34,0.639262,-0.000180974,0.376645
0.34125,0.646094,-0.000254885,0.381466
0.3425,0.652973,-0.00033041,0.386329
0.34375,0.659897,-0.000407461,0.391235
0.345,0.666869,-0.000485944,0.396185
0.34625,0.673886,-0.000565758,0.401179
0.3475,0.68095,-0.000646797,0.406216
0.34875,0.688059,-0.000728949,0.411296
0.35,0.695215,-0.000812098,0.41642
0.35125,0.702418,-0.00089612,0.421587
0.3525,0.709666,-0.000980888,0.426799
0.35375,0.716961,-0.00106627,0.432054
0.355,0.724301,-0.00115213,0.437352
0.35625,0.731685,-0.00123833,0.442694
0.3575,0.739115,-0.00132473,0.448078
0.35875,0.746589,-0.00141117,0.453506
0.36,0.754106,-0.00149752,0.458976
0.36125,0.761668,-0.00158362,0.464488
0.3625,0.769272,-0.00166933,0.470043
0.36375,0.776919,-0.00175448,0.47564
0.365,0.784609,-0.00183892,0.481279
0.36625,0.792341,-0.00192252,0.48696
0.3675,0.800117,-0.00200511,0.492684
0.36875,0.807935,-0.00208655,0.498449
0.37,0.815795,-0.00216669,0.504257
0.37125,0.823698,-0.0022454,0.510106
0.3725,0.831643,-0.00232253,0.515998
0.37375,0.83963,-0.00239795,0.521931
0.375,0.847659,-0.00247154,0.527906
0.37625,0.855728,-0.00254318,0.533922
0.3775,0.863838,-0.00261276,0.539979
0.37875,0.871988,-0.00268017,0.546076
0.38,0.880178,-0.00274532,0.552214
0.38125,0.888407,-0.00280814,0.558392
0.3825,0.896674,-0.00286854,0.56461
0.38375,0.904979,-0.00292647,0.570867
0.385,0.913322,-0.00298188,0.577163
0.38625,0.921702,-0.00303475,0.583499
0.3875,0.93012,-0.00308504,0.589873
0.38875,0.938576,-0.00313275,0.596287
0.39,0.947068,-0.0031779,0.602738
0.39125,0.955597,-0.0032205,0.609229
0.3925,0.964162,-0.0032606,0.615757
0.39375,0.972764,-0.00329826,0.622324
0.395,0.981402,-0.00333355,0.628929
0.39625,0.990076,-0.00336655,0.635572
0.3975,0.998784,-0.00339739,0.642251
0.39875,1.00753,-0.00342616,0.648967
0.4,1.0163,-0.00345303,0.65572
0.40125,1.02511,-0.00347814,0.662508
0.4025,1.03395,-0.00350166,0.669333
0.40375,1.04283,-0.00352377,0.676192
0.405,1.05173,-0.00354468,0.683086
0.40625,1.06067,-0.00356459,0.690014
0.4075,1.06964,-0.00358373,0.696977
0.40875,1.07864,-0.00360234,0.703974
0.41,1.08767,-0.00362065,0.711005
0.41125,1.09672,-0.00363891,0.718069
0.4125,1.10581,-0.00365739,0.725166
0.41375,1.11493,-0.00367635,0.732296
0.415,1.12408,-0.00369605,0.73946
0.41625,1.13325,-0.00371675,0.746655
0.4175,1.14245,-0.00373872,0.753883
0.41875,1.15168,-0.00376222,0.761142
0.42,1.16094,-0.0037875,0.768431
0.42125,1.17023,-0.00381482,0.775752
0.4225,1.17953,-0.00384441,0.783102
0.42375,1.18887,-0.00387649,0.790482
0.425,1.19823,-0.00391128,0.797891
0.42625,1.20761,-0.00394896,0.805329
0.4275,1.21701,-0.00398972,0.812795
0.42875,1.22644,-0.0040337,0.820289
0.43,1.23589,-0.00408103,0.82781
0.43125,1.24537,-0.00413182,0.835359
0.4325,1.25486,-0.00418615,0.842934
0.43375,1.26438,-0.00424405,0.850536
0.435,1.27391,-0.00430555,0.858165
0.43625,1.28347,-0.00437063,0.865819
0.4375,1.29305,-0.00443925,0.873499
0.43875,1.30264,-0.00451132,0.881203
0.44,1.31226,-0.00458673,0.888932
0.44125,1.3219,-0.00466532,0.896685
0.4425,1.33155,-0.00474693,0.904461
0.44375,1.34122,-0.00483134,0.91226
0.445,1.3509,-0.0049183,0.920081
0.44625,1.3606,-0.00500753,0.927924
0.4475,1.37032,-0.00509873,0.935788
0.44875,1.38004,-0.00519157,0.943672
0.45,1.38979,-0.00528569,0.951577
0.45125,1.39954,-0.00538072,0.959502
0.4525,1.40931,-0.00547627,0.967446
0.45375,1.4191,-0.00557192,0.975409
0.455,1.42889,-0.00566727,0.983391
0.45625,1.43869,-0.00576187,0.991391
0.4575,1.44851,-0.00585531,0.999408
0.45875,1.45834,-0.00594717,1.00744
0.46,1.46818,-0.00603703,1.0155
0.46125,1.47803,-0.00612449,1.02356
0.4625,1.48788,-0.00620916,1.03165
0.46375,1.49775,-0.00629068,1.03975
0.465,1.50762,-0.00636872,1.04786
0.46625,1.51749,-0.00644299,1.05599
0.4675,1.52738,-0.00651322,1.06412
0.46875,1.53727,-0.00657918,1.07228
0.47,1.54716,-0.00664072,1.08044
0.47125,1.55706,-0.0066977,1.08862
0.4725,1.56696,-0.00675005,1.0968
0.47375,1.57686,-0.00679777,1.105
0.475,1.58677,-0.00684089,1.11321
0.47625,1.59668,-0.00687952,1.12143
0.4775,1.60659,-0.00691383,1.12965
0.47875,1.6165,-0.00694404,1.13789
0.48,1.62641,-0.00697043,1.14613
0.48125,1.63632,-0.00699335,1.15438
0.4825,1.64623,-0.00701319,1.16264
0.48375,1.65614,-0.0070304,1.17091
0.485,1.66605,-0.00704547,1.17918
0.48625,1.67595,-0.00705895,1.18745
0.4875,1.68585,-0.00707141,1.19573
0.48875,1.69575,-0.00708344,1.20402
0.49,1.70564,-0.00709568,1.2123
0.49125,1.71553,-0.00710877,1.22059
0.4925,1.7254,-0.00712335,1.22889
0.49375,1.73528,-0.00714005,1.23718
0.495,1.74514,-0.0071595,1.24547
0.49625,1.755,-0.00718231,1.25377
0.4975,1.76485,-0.00720903,1.26206
0.49875,1.77469,-0.0072402,1.27036
0.5,1.78452,-0.00727629,1.27865
0.50125,1.79434,-0.00731771,1.28694
0.5025,1.80415,-0.00736478,1.29523
0.50375,1.81395,-0.00741778,1.30352
0.505,1.82373,-0.00747688,1.31181
0.50625,1.83351,-0.00754215,1.32009
0.5075,1.84327,-0.00761359,1.32836
0.50875,1.85301,-0.00769108,1.33663
0.51,1.86275,-0.00777441,1.3449
0.51125,1.87246,-0.00786326,1.35315
0.5125,1.88216,-0.0079572,1.3614
0.51375,1.89184,-0.00805573,1.36964
0.515,1.90151,-0.00815823,1.37788
0.51625,1.91115,-0.00826401,1.3861
0.5175,1.92078,-0.00837229,1.39432
0.51875,1.93039,-0.00848224,1.40253
0.52,1.93998,-0.00859296,1.41072
0.52125,1.94955,-0.00870349,1.41891
0.5225,1.9591,-0.00881289,1.42708
0.52375,1.96863,-0.00892015,1.43524
0.525,1.97814,-0.00902432,1.44339
0.52625,1.98762,-0.00912442,1.45152
0.5275,1.99708,-0.00921954,1.45964
0.52875,2.00652,-0.00930883,1.46775
0.53,2.01593,-0.0093915,1.47584
0.53125,2.02532,-0.00946685,1.48392
0.5325,2.03468,-0.0095343,1.49197
0.53375,2.04401,-0.00959339,1.50001
0.535,2.05332,-0.0096438,1.50804
0.53625,2.0626,-0.00968534,1.51604
0.5375,2.07185,-0.00971799,1.52403
0.53875,2.08107,-0.00974191,1.532
0.54,2.09026,-0.0097574,1.53994
0.54125,2.09943,-0.00976493,1.54787
0.5425,2.10856,-0.00976515,1.55578
0.54375,2.11766,-0.00975886,1.56366
0.545,2.12673,-0.00974702,1.57152
0.54625,2.13577,-0.00973071,1.57937
0.5475,2.14478,-0.00971114,1.58718
0.54875,2.15375,-0.00968963,1.59498
0.55,2.16269,-0.00966756,1.60275
0.55125,2.17159,-0.00964639,1.61049
0.5525,2.18046,-0.00962759,1.61821
0.55375,2.18929,-0.00961263,1.6259
0.555,2.19809,-0.00960297,1.63357
0.55625,2.20685,-0.00959997,1.6412
0.5575,2.21557,-0.00960492,1.64881
0.55875,2.22425,-0.009619,1.6564
0.56,2.2329,-0.00964321,1.66395
0.56125,2.2415,-0.00967838,1.67147
0.5625,2.25007,-0.00972513,1.67897
0.56375,2.2586,-0.00978386,1.68643
0.565,2.26708,-0.00985472,1.69387
0.56625,2.27553,-0.00993758,1.70127
0.5675,2.28393,-0.0100321,1.70864
0.56875,2.2923,-0.0101376,1.71598
0.57,2.30062,-0.0102531,1.72329
0.57125,2.30889,-0.0103775,1.73056
0.5725,2.31713,-0.0105094,1.7378
0.57375,2.32532,-0.010647,1.745
0.575,2.33346,-0.0107887,1.75217
0.57625,2.34156,-0.0109322,1.75931
0.5775,2.34961,-0.0110756,1.7664
0.57875,2.35762,-0.0112165,1.77347
0.58,2.36558,-0.0113528,1.78049
0.58125,2.37349,-0.0114822,1.78748
0.5825,2.38135,-0.0116025,1.79443
0.58375,2.38917,-0.0117116,1.80134
0.585,2.39694,-0.0118077,1.80821
0.58625,2.40466,-0.011889,1.81505
0.5875,2.41234,-0.0119543,1.82184
0.58875,2.41996,-0.0120024,1.8286
0.59,2.42753,-0.0120325,1.83531
0.59125,2.43506,-0.0120444,1.84199
0.5925,2.44253,-0.0120382,1.84862
0.59375,2.44995,-0.0120142,1.85521
0.595,2.45731,-0.0119735,1.86176
0.59625,2.46463,-0.0119174,1.86827
0.5975,2.47189,-0.0118478,1.87473
0.59875,2.4791,-0.0117667,1.88115
0.6,2.48626,-0.0116768,1.88752
0.60125,2.49336,-0.0115809,1.89386
0.6025,2.50041,-0.0114821,1.90014
0.60375,2.5074,-0.0113837,1.90639
0.605,2.51434,-0.0112891,1.91258
0.60625,2.52123,-0.0112018,1.91874
0.6075,2.52806,-0.0111251,1.92484
0.60875,2.53483,-0.0110624,1.9309
0.61,2.54155,-0.0110167,1.93692
0.61125,2.54821,-0.0109908,1.94289
0.6125,2.55482,-0.010987,1.94881
0.61375,2.56137,-0.0110071,1.95468
0.615,2.56786,-0.0110526,1.9605
0.61625,2.57429,-0.0111241,1.96628
0.6175,2.58066,-0.0112218,1.97201
0.61875,2.58698,-0.011345,1.97769
0.62,2.59324,-0.0114926,1.98331
0.62125,2.59944,-0.0116624,1.98889
0.6225,2.60558,-0.011852,1.99443
0.62375,2.61166,-0.0120579,1.99991
0.625,2.61768,-0.0122764,2.00534
0.62625,2.62364,-0.0125031,2.01072
0.6275,2.62955,-0.0127332,2.01605
0.62875,2.63539,-0.0129615,2.02133
0.63,2.64117,-0.013183,2.02656
0.63125,2.6469,-0.0133921,2.03173
0.6325,2.65256,-0.0135837,2.03686
0.63375,2.65816,-0.0137527,2.04193
0.635,2.66371,-0.0138946,2.04696
0.63625,2.66919,-0.0140052,2.05193
0.6375,2.6746,-0.0140809,2.05684
0.63875,2.67996,-0.0141193,2.06171
0.64,2.68526,-0.0141183,2.06652
0.64125,2.69049,-0.0140772,2.07128
0.6425,2.69566,-0.0139962,2.07599
0.64375,2.70077,-0.0138767,2.08064
0.645,2.70582,-0.0137209,2.08524
0.64625,2.71081,-0.0135325,2.08979
0.6475,2.71573,-0.013316,2.09428
0.64875,2.72059,-0.013077,2.09872
0.65,2.72539,-0.0128217,2.10311
0.65125,2.73013,-0.0125574,2.10744
0.6525,2.73481,-0.0122918,2.11172
0.65375,2.73942,-0.0120328,2.11594
0.655,2.74397,-0.0117888,2.12011
0.65625,2.74846,-0.0115679,2.12423
0.6575,2.75289,-0.0113781,2.12829
0.65875,2.75725,-0.0112267,2.1323
0.66,2.76155,-0.0111203,2.13626
0.66125,2.76579,-0.0110646,2.14016
0.6625,2.76997,-0.0110641,2.144
0.66375,2.77408,-0.0111219,2.14779
0.665,2.77814,-0.0112394,2.15153
0.66625,2.78213,-0.0114167,2.15521
0.6675,2.78605,-0.011652,2.15884
0.66875,2.78992,-0.0119416,2.16242
0.67,2.79372,-0.0122804,2.16594
0.67125,2.79747,-0.0126613,2.16941
0.6725,2.80115,-0.0130758,2.17282
0.67375,2.80477,-0.0135141,2.17618
0.675,2.80833,-0.0139651,2.17949
0.67625,2.81183,-0.0144169,2.18274
0.6775,2.81527,-0.0148569,2.18594
0.67875,2.81865,-0.0152723,2.18909
0.68,2.82196,-0.0156504,2.19218
0.68125,2.82522,-0.015979,2.19522
0.6825,2.82842,-0.0162467,2.19821
0.68375,2.83155,-0.0164434,2.20114
0.685,2.83463,-0.0165605,2.20402
0.68625,2.83764,-0.0165913,2.20685
0.6875,2.8406,-0.0165316,2.20963
0.68875,2.8435,-0.0163791,2.21235
0.69,2.84634,-0.0161347,2.21502
0.69125,2.84912,-0.0158017,2.21764
0.6925,2.85184,-0.0153862,2.22021
0.69375,2.85451,-0.0148972,2.22273
0.695,2.85711,-0.014346,2.22519
0.69625,2.85966,-0.0137465,2.22761
0.6975,2.86216,-0.0131147,2.22997
0.69875,2.86459,-0.0124683,2.23228
0.7,2.86697,-0.0118261,2.23454
0.70125,2.86929,-0.011208,2.23676
0.7025,2.87156,-0.0106338,2.23892
0.70375,2.87377,-0.0101232,2.24103
0.705,2.87592,-0.00969475,2.24309
0.70625,2.87802,-0.00936557,2.24511
0.7075,2.88007,-0.00915054,2.24708
0.70875,2.88206,-0.00906187,2.24899
0.71,2.884,-0.00910854,2.25087
0.71125,2.88589,-0.00929588,2.25269
0.7125,2.88772,-0.00962526,2.25447
0.71375,2.88951,-0.0100938,2.2562
0.715,2.89124,-0.0106943,2.25788
0.71625,2.89292,-0.0114153,2.25952
0.7175,2.89455,-0.0122408,2.26111
0.71875,2.89614,-0.0131514,2.26266
0.72,2.89767,-0.0141236,2.26417
0.72125,2.89915,-0.0151312,2.26563
0.7225,2.90059,-0.0161456,2.26705
0.72375,2.90198,-0.0171366,2.26842
0.725,2.90332,-0.018073,2.26975
0.72625,2.90462,-0.018924,2.27104
0.7275,2.90587,-0.0196597,2.27229
0.72875,2.90708,-0.0202524,2.2735
0.73,2.90824,-0.0206771,2.27467
0.73125,2.90935,-0.0209129,2.27579
0.7325,2.91043,-0.0209436,2.27688
0.73375,2.91146,-0.0207583,2.27793
0.735,2.91245,-0.0203523,2.27894
0.73625,2.9134,-0.0197274,2.27991
0.7375,2.9143,-0.018892,2.28084
0.73875,2.91517,-0.0178615,2.28174
0.74,2.91599,-0.016658,2.28259
0.74125,2.91678,-0.0153098,2.28342
0.7425,2.91753,-0.0138513,2.2842
0.74375,2.91823,-0.0123217,2.28495
0.745,2.91891,-0.0107646,2.28567
0.74625,2.91954,-0.0092263,2.28635
0.7475,2.92014,-0.00775503,2.28701
0.74875,2.92071,-0.00639927,2.28762
0.75,2.92124,-0.00520638,2.28821
0.75125,2.92173,-0.00422104,2.28877
0.7525,2.9222,-0.00348381,2.2893
0.75375,2.92263,-0.00302963,2.28979
0.755,2.92304,-0.0028865,2.29026
0.75625,2.92341,-0.00307425,2.2907
0.7575,2.92376,-0.0036035,2.29112
0.75875,2.92407,-0.00447496,2.29151
0.76,2.92437,-0.0056788,2.29187
0.76125,2.92463,-0.00719451,2.2922
0.7625,2.92487,-0.00899095,2.29252
0.76375,2.92509,-0.0110268,2.29281
0.765,2.92528,-0.0132513,2.29307
0.76625,2.92546,-0.0156054,2.29332
0.7675,2.92561,-0.0180229,2.29354
0.76875,2.92574,-0.0204327,2.29375
0.77,2.92586,-0.0227601,2.29394
0.77125,2.92596,-0.0249291,2.29411
0.7725,2.92604,-0.0268652,2.29426
0.77375,2.92611,-0.0284969,2.2944
0.775,2.92617,-0.0297587,2.29453
0.77625,2.92621,-0.0305932,2.29463
0.7775,2.92624,-0.0309532,2.29473
0.77875,2.92625,-0.0308039,2.29481
0.78,2.92626,-0.0301242,2.29488
0.78125,2.92625,-0.0289086,2.29493
0.7825,2.92623,-0.0271677,2.29497
0.78375,2.9262,-0.0249286,2.295
0.785,2.92616,-0.0222355,2.29502
0.78625,2.92612,-0.0191486,2.29503
0.7875,2.92607,-0.0157433,2.29503
0.78875,2.92602,-0.0121087,2.29502
0.79,2.92596,-0.00834531,2.29501
0.79125,2.9259,-0.00456278,2.295
0.7925,2.92584,-0.000876877,2.29498
0.79375,2.92578,0.00259379,2.29496
0.795,2.92572,0.00573125,2.29494
0.79625,2.92567,0.00842186,2.29493
0.7975,2.92562,0.01056,2.29491
0.79875,2.92557,0.0120519,2.2949
0.8,2.92554,0.0128188,2.2949
0.80125,2.92551,0.0128004,2.29489
0.8025,2.92547,0.0119576,2.29488
0.80375,2.92544,0.0102749,2.29488
0.805,2.92541,0.00776181,2.29486
0.80625,2.92538,0.00445397,2.29485
0.8075,2.92535,0.000413473,2.29484
0.80875,2.92533,-0.00427184,2.29483
0.81,2.92531,-0.00948967,2.29482
0.81125,2.9253,-0.0151056,2.29481
0.8125,2.9253,-0.0209659,2.2948
0.81375,2.9253,-0.0269015,2.2948
0.815,2.92531,-0.0327325,2.29481
0.81625,2.92533,-0.0382729,2.29482
0.8175,2.92536,-0.0433361,2.29485
0.81875,2.9254,-0.0477409,2.29488
0.82,2.92545,-0.0513173,2.29493
0.82125,2.92551,-0.0539121,2.29497
0.8225,2.92557,-0.055395,2.29503
0.82375,2.92564,-0.0556633,2.29508
0.825,2.92571,-0.0546469,2.29513
0.82625,2.92578,-0.052312,2.29518
0.8275,2.92585,-0.0486641,2.29522
0.82875,2.92592,-0.0437495,2.29526
0.83,2.92599,-0.0376567,2.29529
0.83125,2.92606,-0.0305152,2.29531
0.8325,2.92612,-0.0224939,2.29533
0.83375,2.92619,-0.0137977,2.29534
0.835,2.92627,-0.00466318,2.29536
0.83625,2.92635,0.00464704,2.29539
0.8375,2.92645,0.0138514,2.29543
0.83875,2.92655,0.022657,2.29548
0.84,2.92667,0.0307683,2.29555
0.84125,2.92679,0.0378962,2.29563
0.8425,2.92693,0.0437671,2.29573
0.84375,2.92707,0.0481329,2.29584
0.845,2.92722,0.0507797,2.29595
0.84625,2.92737,0.0515364,2.29607
0.8475,2.92753,0.0502824,2.29619
0.84875,2.92768,0.0469539,2.29629
0.85,2.92783,0.0415489,2.29639
0.85125,2.92798,0.0341307,2.29647
0.8525,2.92814,0.0248292,2.29654
0.85375,2.92831,0.0138405,2.2966
0.855,2.92849,0.00142425,2.29666
0.85625,2.92869,-0.0121011,2.29673
0.8575,2.92892,-0.0263653,2.29681
0.85875,2.92918,-0.0409548,2.29692
0.86,2.92948,-0.055424,2.29706
0.86125,2.92983,-0.0693073,2.29725
0.8625,2.93021,-0.0821333,2.29748
0.86375,2.93063,-0.0934394,2.29775
0.865,2.93108,-0.102787,2.29806
0.86625,2.93156,-0.109777,2.2984
0.8675,2.93205,-0.114065,2.29875
0.86875,2.93255,-0.115376,2.29911
0.87,2.93304,-0.113516,2.29945
0.87125,2.93353,-0.108383,2.29976
0.8725,2.93399,-0.0999747,2.30004
0.87375,2.93445,-0.0883951,2.30027
0.875,2.93489,-0.0738565,2.30045
0.87625,2.93533,-0.0566785,2.3006
0.8775,2.93577,-0.0372833,2.30073
0.87875,2.93624,-0.0161883,2.30086
0.88,2.93674,0.00600575,2.301
0.88125,2.93728,0.02863,2.30118
0.8825,2.93787,0.0509652,2.30143
0.88375,2.93853,0.0722634,2.30175
0.885,2.93924,0.0917712,2.30216
0.88625,2.94001,0.108755,2.30266
0.8875,2.94082,0.122526,2.30323
0.88875,2.94166,0.132467,2.30386
0.89,2.94252,0.138059,2.30451
0.89125,2.94337,0.138898,2.30516
0.8925,2.9442,0.134723,2.30577
0.89375,2.945,0.125425,2.30632
0.895,2.94577,0.111064,2.30678
0.89625,2.9465,0.0918727,2.30714
0.8975,2.94722,0.0682595,2.30742
0.89875,2.94795,0.0408047,2.30762
0.9,2.9487,0.0102503,2.30779
0.90125,2.94952,-0.0225168,2.30797
0.9025,2.95042,-0.056487,2.30821
0.90375,2.95143,-0.0905566,2.30857
0.905,2.95257,-0.123562,2.30907
0.90625,2.95385,-0.154318,2.30976
0.9075,2.95525,-0.181661,2.31063
0.90875,2.95676,-0.20449,2.31168
0.91,2.95835,-0.221811,2.31287
0.91125,2.95997,-0.232779,2.31413
0.9125,2.96157,-0.236736,2.31541
0.91375,2.96312,-0.233238,2.3166
0.915,2.96456,-0.222087,2.31766
0.91625,2.96588,-0.203342,2.3185
0.9175,2.96707,-0.177336,2.3191
0.91875,2.96812,-0.14467,2.31945
0.92,2.96908,-0.10621,2.31959
0.92125,2.96999,-0.0630679,2.31957
0.9225,2.9709,-0.0165723,2.31948
0.92375,2.97189,0.0317656,2.31944
0.925,2.97301,0.0803006,2.31956
0.92625,2.97432,0.127307,2.31994
0.9275,2.97585,0.171041,2.32065
0.92875,2.9776,0.209807,2.32173
0.93,2.97955,0.24202,2.32316
0.93125,2.98164,0.266278,2.32488
0.9325,2.9838,0.281413,2.32677
0.93375,2.98594,0.286551,2.3287
0.935,2.98795,0.281151,2.33051
0.93625,2.98977,0.265037,2.33205
0.9375,2.99133,0.238417,2.33319
0.93875,2.9926,0.201888,2.33387
0.94,2.99361,0.15643,2.33407
0.94125,2.99442,0.103385,2.33387
0.9425,2.99512,0.0444216,2.33338
0.94375,2.99584,-0.0185135,2.33278
0.945,2.99672,-0.0832567,2.33229
0.94625,2.99786,-0.147502,2.33211
0.9475,2.99938,-0.208882,2.33243
0.94875,3.00131,-0.265061,2.33336
0.95,3.00363,-0.313824,2.33494
0.95125,3.00629,-0.353167,2.3371
0.9525,3.00916,-0.381382,2.33971
0.95375,3.01207,-0.397129,2.34254
0.955,3.01487,-0.399492,2.34532
0.95625,3.01736,-0.388028,2.34777
0.9575,3.01939,-0.362786,2.34964
0.95875,3.02088,-0.324322,2.35074
0.96,3.0218,-0.273687,2.35099
0.96125,3.02223,-0.212402,2.35043
0.9625,3.02232,-0.142421,2.34923
0.96375,3.02225,-0.0660741,2.34763
0.965,3.02229,0.014004,2.34598
0.96625,3.02265,0.0949608,2.34464
0.9675,3.02355,0.173826,2.34396
0.96875,3.02512,0.24762,2.3442
0.97,3.0274,0.313476,2.34549
0.97125,3.03031,0.368752,2.34781
0.9725,3.03366,0.411144,2.35098
0.97375,3.03721,0.438792,2.3547
0.975,3.04066,0.450355,2.35857
0.97625,3.04374,0.445073,2.36214
0.9775,3.04618,0.422805,2.36499
0.97875,3.04778,0.384035,2.36678
0.98,3.04847,0.329863,2.36731
0.98125,3.04831,0.261971,2.36656
0.9825,3.04752,0.18257,2.36471
0.98375,3.04643,0.0943302,2.36213
0.985,3.0454,0.000304441,2.35929
0.98625,3.04478,-0.096176,2.3567
0.9875,3.04491,-0.191611,2.35488
0.98875,3.04606,-0.28246,2.35429
0.99,3.04838,-0.365273,2.35523
0.99125,3.05181,-0.436831,2.35776
0.9925,3.05605,-0.494274,2.36164
0.99375,3.06065,-0.535229,2.36644
0.995,3.06514,-0.557902,2.37157
0.99625,3.0691,-0.561165,2.37644
0.9975,3.07217,-0.544594,2.38044
0.99875,3.07406,-0.508488,2.38307
1,3.07457,-0.453859,2.38395
1.00125,3.0737,-0.382399,2.38295
1.0025,3.07172,-0.296425,2.38025
1.00375,3.06914,-0.198808,2.37631
1.005,3.06654,-0.0928924,2.37179
1.00625,3.06445,0.0176064,2.3674
1.0075,3.06332,0.12872,2.36383
1.00875,3.0635,0.23636,2.36173
1.01,3.06528,0.336476,2.3616
1.01125,3.06871,0.425211,2.36369
1.0125,3.07356,0.499075,2.36787
1.01375,3.07931,0.555088,2.37368
1.015,3.08523,0.59092,2.38035
1.01625,3.09064,0.604989,2.38702
1.0175,3.09497,0.596527,2.39286
1.01875,3.09778,0.565605,2.39711
1.02,3.09877,0.513115,2.3992
1.02125,3.0978,0.440735,2.39883
1.0225,3.09509,0.350855,2.39604
1.02375,3.09118,0.246503,2.3913
1.025,3.08686,0.131244,2.38541
1.02625,3.08299,0.00907892,2.37931
1.0275,3.08025,-0.115679,2.37396
1.02875,3.07912,-0.238542,2.37018
1.03,3.07989,-0.355002,2.36863
1.03125,3.08272,-0.460702,2.36973
1.0325,3.08748,-0.551615,2.37354
1.03375,3.0937,-0.624213,2.37966
1.035,3.10063,-0.675621,2.38733
1.03625,3.10732,-0.703735,2.39548
1.0375,3.11294,-0.707309,2.403
1.03875,3.11686,-0.685999,2.40891
1.04,3.11867,-0.640363,2.41245
1.04125,3.1182,-0.571823,2.41311
1.0425,3.11552,-0.482606,2.41078
1.04375,3.11105,-0.375673,2.40577
1.045,3.1056,-0.254622,2.39882
1.04625,3.10016,-0.123595,2.39101
1.0475,3.09573,0.012839,2.38354
1.04875,3.09305,0.149821,2.37753
1.05,3.09258,0.282362,2.3739
1.05125,3.09453,0.405531,2.37326
1.0525,3.09885,0.514656,2.37591
1.05375,3.1052,0.605535,2.38166
1.055,3.11285,0.674623,2.38983
1.05625,3.12081,0.719194,2.3993
1.0575,3.12797,0.737454,2.40873
1.05875,3.13338,0.728609,2.41681
1.06,3.13645,0.692868,2.42248
1.06125,3.13687,0.631412,2.42503
1.0625,3.13464,0.546318,2.42411
1.06375,3.1301,0.440466,2.41986
1.065,3.12393,0.317445,2.41289
1.06625,3.11716,0.18144,2.40424
1.0675,3.11095,0.0371234,2.39523
1.06875,3.10636,-0.110474,2.38726
1.07,3.10414,-0.256118,2.38151
1.07125,3.10463,-0.394543,2.37886
1.0725,3.10786,-0.520655,2.3798
1.07375,3.11356,-0.62974,2.38438
1.075,3.12117,-0.717669,2.39212
1.07625,3.12978,-0.78108,2.40205
1.0775,3.13822,-0.817527,2.41278
1.07875,3.14528,-0.825566,2.42276
1.08,3.15003,-0.804804,2.43061
1.08125,3.1519,-0.755884,2.43527
1.0825,3.15077,-0.680434,2.43616
1.08375,3.14684,-0.580976,2.43317
1.085,3.14067,-0.460843,2.42668
1.08625,3.13316,-0.324073,2.41756
1.0875,3.12549,-0.175311,2.40711
1.08875,3.11894,-0.0196903,2.39687
1.09,3.11461,0.137311,2.38836
1.09125,3.11317,0.290047,2.38283
1.0925,3.11487,0.432907,2.38113
1.09375,3.11953,0.560551,2.38357
1.095,3.12667,0.668148,2.38997
1.09625,3.13549,0.751604,2.39955
1.0975,3.14487,0.807747,2.41103
1.09875,3.15352,0.83447,2.42277
1.1,3.16017,0.830792,2.43308
1.10125,3.16394,0.796866,2.44052
1.1025,3.16444,0.733927,2.44413
1.10375,3.16173,0.644195,2.44353
1.105,3.15631,0.53077,2.43888
1.10625,3.14895,0.397511,2.43083
1.1075,3.14071,0.248931,2.42051
1.10875,3.13283,0.0900816,2.40939
1.11,3.12659,-0.0735673,2.39911
1.11125,3.12297,-0.236285,2.39119
1.1125,3.12251,-0.392266,2.38682
1.11375,3.12528,-0.535847,2.38667
1.115,3.13094,-0.661731,2.39086
1.11625,3.13882,-0.765232,2.39892
1.1175,3.14801,-0.842482,2.40984
1.11875,3.15732,-0.890608,2.42212
1.12,3.16542,-0.907839,2.434
1.12125,3.17114,-0.89356,2.44377
1.1225,3.17369,-0.848289,2.45006
1.12375,3.1728,-0.773619,2.45206
1.125,3.16874,-0.672115,2.44957
1.12625,3.16214,-0.54721,2.44298
1.1275,3.15393,-0.403096,2.43315
1.12875,3.14526,-0.244629,2.4214
1.13,3.13744,-0.0772155,2.40935
1.13125,3.13169,0.0933195,2.39872
1.1325,3.12893,0.260911,2.39107
1.13375,3.12958,0.41947,2.38753
1.135,3.13355,0.563127,2.38865
1.13625,3.14031,0.6865,2.39434
1.1375,3.14905,0.784951,2.40389
1.13875,3.15867,0.854813,2.41601
1.14,3.16789,0.893546,2.42899
1.14125,3.1754,0.89983,2.44097
1.1425,3.18012,0.873571,2.45023
1.14375,3.18144,0.815841,2.45553
1.145,3.17929,0.728775,2.45625
1.14625,3.17414,0.615446,2.45242
1.1475,3.16678,0.479738,2.44466
1.14875,3.15824,0.326235,2.43402
1.15,3.1497,0.160114,2.42195
1.15125,3.14239,-0.0129707,2.41012
1.1525,3.13741,-0.187025,2.40025
1.15375,3.13553,-0.355907,2.3938
1.155,3.13703,-0.513541,2.39174
1.15625,3.14168,-0.654166,2.39443
1.1575,3.14886,-0.772593,2.40155
1.15875,3.15765,-0.864442,2.41219
1.16,3.16696,-0.926352,2.42488
1.16125,3.17552,-0.956115,2.43785
1.1625,3.18211,-0.952743,2.44922
1.16375,3.18574,-0.916457,2.45737
1.165,3.18593,-0.84862,2.4612
1.16625,3.18273,-0.751633,2.46024
1.1675,3.17671,-0.628816,2.45472
1.16875,3.16878,-0.484298,2.44541
1.17,3.16002,-0.322918,2.43352
1.17125,3.15164,-0.150124,2.42063
1.1725,3.14484,0.0281405,2.40849
1.17375,3.14066,0.205606,2.39883
1.175,3.13977,0.375884,2.39307
1.17625,3.14231,0.532721,2.39209
1.1775,3.14791,0.670276,2.39607
1.17875,3.1558,0.783404,2.40448
1.18,3.16495,0.867911,2.41615
1.18125,3.17415,0.92075,2.42945
1.1825,3.18217,0.940137,2.44248
1.18375,3.18787,0.925578,2.45338
1.185,3.19042,0.877816,2.46064
1.18625,3.18953,0.798726,2.46333
1.1875,3.18544,0.691175,2.4612
1.18875,3.17884,0.558895,2.45468
1.19,3.17071,0.406363,2.44471
1.19125,3.16216,0.238694,2.43263
1.1925,3.15431,0.0615427,2.42005
1.19375,3.14828,-0.119024,2.40872
1.195,3.14495,-0.296696,2.40026
1.19625,3.14484,-0.465137,2.39596
1.1975,3.14797,-0.618233,2.3965
1.19875,3.15389,-0.750363,2.40186
1.2,3.16177,-0.856659,2.4113
1.20125,3.17057,-0.933244,2.42353
1.2025,3.17914,-0.977399,2.43682
1.20375,3.1863,-0.987658,2.44929
1.205,3.19101,-0.963819,2.45916
1.20625,3.19257,-0.906878,2.46505
1.2075,3.19076,-0.818929,2.46618
1.20875,3.18594,-0.703034,2.46249
1.21,3.17887,-0.563113,2.45453
1.21125,3.17057,-0.403836,2.44338
1.2125,3.16217,-0.230535,2.43048
1.21375,3.1548,-0.0491011,2.41754
1.215,3.1495,0.134158,2.40632
1.21625,3.14708,0.31271,2.39843
1.2175,3.14795,0.480047,2.39507
1.21875,3.15199,0.629967,2.39677
1.22,3.1586,0.756873,2.40331
1.22125,3.16686,0.856051,2.41375
1.2225,3.17565,0.923905,2.4266
1.22375,3.18379,0.958111,2.44002
1.225,3.19018,0.95767,2.45211
1.22625,3.19393,0.92288,2.46119
1.2275,3.19449,0.855233,2.46603
1.22875,3.19185,0.757275,2.46607
1.23,3.18647,0.632468,2.46142
1.23125,3.17921,0.485065,2.45282
1.2325,3.1711,0.320002,2.44146
1.23375,3.16322,0.142804,2.42885
1.235,3.1566,-0.0405245,2.41668
1.23625,3.15215,-0.223642,2.40663
1.2375,3.15053,-0.400077,2.40019
1.23875,3.152,-0.563466,2.39836
1.24,3.15637,-0.707833,2.40147
1.24125,3.16301,-0.827865,2.4091
1.2425,3.17097,-0.919172,2.42019
1.24375,3.17918,-0.978491,2.43314
1.245,3.18653,-1.00382,2.44611
1.24625,3.192,-0.994438,2.45729
1.2475,3.19481,-0.950895,2.46509
1.24875,3.19451,-0.874877,2.46845
1.25,3.19117,-0.769102,2.46697
1.25125,3.18533,-0.637183,2.46091
1.2525,3.17789,-0.483532,2.45112
1.25375,3.16989,-0.313259,2.4389
1.255,3.16241,-0.132089,2.42583
1.25625,3.15644,0.0537545,2.41364
1.2575,3.15283,0.237723,2.40402
1.25875,3.15213,0.413167,2.39838
1.26,3.15451,0.573621,2.39761
1.26125,3.15962,0.713098,2.40185
1.2625,3.16672,0.8264,2.4105
1.26375,3.17479,0.909379,2.42228
1.265,3.18271,0.959128,2.43549
1.26625,3.18943,0.974081,2.44823
1.2675,3.19405,0.954013,2.45874
1.26875,3.19591,0.899951,2.46558
1.27,3.19477,0.814042,2.46788
1.27125,3.19083,0.699405,2.46543
1.2725,3.18473,0.559994,2.45867
1.27375,3.1774,0.40049,2.44858
1.275,3.16985,0.226207,2.43653
1.27625,3.16307,0.0429955,2.42412
1.2775,3.15793,-0.142877,2.41302
1.27875,3.15514,-0.324905,2.4048
1.28,3.15512,-0.496575,2.4007
1.28125,3.15791,-0.651633,2.40139
1.2825,3.16313,-0.784376,2.40685
1.28375,3.17002,-0.889928,2.41629
1.285,3.1776,-0.964482,2.42835
1.28625,3.18481,-1.00546,2.44128
1.2875,3.19067,-1.01159,2.45325
1.28875,3.19438,-0.982889,2.4626
1.29,3.19539,-0.920595,2.46804
1.29125,3.19354,-0.82701,2.46885
1.2925,3.1891,-0.705391,2.46497
1.29375,3.18276,-0.559827,2.45697
1.295,3.17546,-0.395147,2.44593
1.29625,3.16821,-0.216838,2.43329
1.2975,3.16198,-0.0309484,2.4207
1.29875,3.15759,0.156053,2.40986
1.3,3.15568,0.337478,2.40229
1.30125,3.15657,0.506685,2.39915
1.3025,3.16016,0.657377,2.40095
1.30375,3.16594,0.78392,2.40746
1.305,3.17308,0.881633,2.41771
1.30625,3.18053,0.947019,2.43018
1.3075,3.18727,0.977911,2.44306
1.30875,3.19239,0.973507,2.45453
1.31,3.19522,0.934313,2.46302
1.31125,3.19537,0.862022,2.46744
1.3125,3.19284,0.759357,2.46724
1.31375,3.18803,0.62993,2.46257
1.315,3.18168,0.478119,2.45413
1.31625,3.17471,0.308976,2.44309
1.3175,3.16808,0.128135,2.43094
1.31875,3.16263,-0.0582861,2.4193
1.32,3.15908,-0.243834,2.40976
1.32125,3.1579,-0.42193,2.40371
1.3225,3.1593,-0.586123,2.40209
1.32375,3.16312,-0.730384,2.40523
1.325,3.16882,-0.849395,2.41271
1.32625,3.17558,-0.93882,2.42345
1.3275,3.18241,-0.995501,2.43587
1.32875,3.18836,-1.01758,2.44817
1.33,3.19262,-1.00452,2.45862
1.33125,3.1946,-0.957043,2.46581
1.3325,3.19401,-0.877003,2.46877
1.33375,3.19092,-0.767258,2.46713
1.335,3.18577,-0.631544,2.46114
1.33625,3.17935,-0.474369,2.45163
1.3375,3.17256,-0.300937,2.43985
1.33875,3.16636,-0.117062,2.42735
1.34,3.16157,0.0709416,2.41578
1.34125,3.15883,0.256434,2.40673
1.3425,3.15854,0.432685,2.40151
1.34375,3.16078,0.593165,2.40094
1.345,3.16527,0.731868,2.40516
1.34625,3.17137,0.843618,2.41357
1.3475,3.17818,0.924345,2.4249
1.34875,3.18471,0.971263,2.43747
1.35,3.19006,0.982962,2.44945
1.35125,3.19352,0.959385,2.4592
1.3525,3.19464,0.901723,2.46543
1.35375,3.19331,0.812269,2.46736
1.355,3.18972,0.694258,2.46483
1.35625,3.18441,0.551737,2.45824
1.3575,3.17817,0.389462,2.44854
1.35875,3.17188,0.212813,2.43705
1.36,3.1664,0.0277044,2.42531
1.36125,3.16242,-0.159532,2.41491
1.3625,3.16044,-0.342328,2.40731
1.36375,3.16076,-0.514116,2.40364
1.365,3.16335,-0.66861,2.40452
1.36625,3.1679,-0.800105,2.40989
1.3675,3.17375,-0.90377,2.41901
1.36875,3.18005,-0.975879,2.43052
1.37,3.18588,-1.01398,2.44273
1.37125,3.19042,-1.01694,2.45389
1.3725,3.19305,-0.984934,2.46246
1.37375,3.1934,-0.919342,2.46729
1.375,3.19144,-0.822592,2.46777
1.37625,3.18742,-0.698038,2.46385
1.3775,3.18193,-0.549847,2.45609
1.37875,3.17575,-0.382912,2.4455
1.38,3.16977,-0.202776,2.43347
1.38125,3.16482,-0.0155419,2.4216
1.3825,3.16156,0.172268,2.4115
1.38375,3.16043,0.353918,2.40457
1.385,3.1616,0.522727,2.40186
1.38625,3.16496,0.672386,2.40382
1.3875,3.17004,0.797281,2.41022
1.38875,3.17612,0.892793,2.42009
1.39,3.1823,0.955528,2.43197
1.39125,3.18768,0.983447,2.44408
1.3925,3.19152,0.975895,2.45471
1.39375,3.19333,0.933526,2.46242
1.395,3.1929,0.858164,2.46624
1.39625,3.19034,0.752644,2.46576
1.3975,3.186,0.620658,2.4611
1.39875,3.18053,0.466649,2.45295
1.4,3.1747,0.295714,2.44242
1.40125,3.16933,0.113532,2.43095
1.4025,3.16515,-0.0737414,2.42007
1.40375,3.16266,-0.259616,2.4113
1.405,3.16221,-0.437481,2.4059
1.40625,3.16384,-0.600868,2.4047
1.4075,3.16739,-0.743748,2.40798
1.40875,3.17236,-0.86084,2.4153
1.41,3.17806,-0.947878,2.42561
1.41125,3.18364,-1.00181,2.43737
1.4125,3.18828,-1.0209,2.44887
1.41375,3.19132,-1.00475,2.45847
1.415,3.19235,-0.954229,2.46488
1.41625,3.19125,-0.871299,2.46727
1.4175,3.18816,-0.758922,2.46536
1.41875,3.18353,-0.620907,2.45942
1.42,3.17799,-0.461818,2.45023
1.42125,3.17235,-0.286903,2.43899
1.4225,3.1674,-0.102016,2.42719
1.42375,3.16383,0.0864942,2.41641
1.425,3.16212,0.271957,2.40814
1.42625,3.1625,0.447621,2.40357
1.4275,3.16495,0.60695,2.40342
1.42875,3.16914,0.743956,2.40777
1.43,3.17451,0.853517,2.41599
1.43125,3.18026,0.931647,2.42686
1.4325,3.18556,0.975676,2.43875
1.43375,3.18962,0.984329,2.44991
1.435,3.19191,0.957685,2.4588
1.43625,3.19216,0.897066,2.46427
1.4375,3.19037,0.804876,2.46566
1.43875,3.18684,0.684438,2.46288
1.44,3.18207,0.539864,2.45638
1.44125,3.17673,0.375956,2.44703
1.4425,3.17157,0.198129,2.43612
1.44375,3.1673,0.012328,2.42511
1.445,3.16449,-0.175091,2.41551
1.44625,3.1635,-0.357541,2.40869
1.4475,3.16444,-0.528444,2.40567
1.44875,3.1672,-0.681519,2.40694
1.45,3.17142,-0.811093,2.41242
1.45125,3.17654,-0.912392,2.42132
1.4525,3.18181,-0.981785,2.43234
1.45375,3.18644,-1.01693,2.44384
1.455,3.18974,-1.01683,2.45417
1.45625,3.19126,-0.981794,2.46187
1.4575,3.19079,-0.913318,2.46595
1.45875,3.18842,-0.813937,2.4659
1.46,3.18449,-0.687088,2.46177
1.46125,3.17954,-0.536999,2.4541
1.4625,3.17426,-0.368609,2.44388
1.46375,3.16939,-0.187496,2.43244
1.465,3.16563,0.000206526,2.42132
1.46625,3.16351,0.187955,2.41203
1.4675,3.16331,0.368997,2.4059
1.46875,3.16508,0.536653,2.40383
1.47,3.16857,0.68463,2.40619
1.47125,3.17332,0.807361,2.41267
1.4725,3.17866,0.9003,2.42231
1.47375,3.18381,0.960156,2.43367
1.475,3.18802,0.985017,2.44506
1.47625,3.19067,0.974361,2.45485
1.4775,3.19142,0.928973,2.4617
1.47875,3.19022,0.850794,2.46479
1.48,3.1873,0.742755,2.46381
1.48125,3.18309,0.608625,2.45895
1.4825,3.17817,0.452899,2.45092
1.48375,3.17323,0.280716,2.4408
1.485,3.16895,0.0977812,2.42993
1.48625,3.16591,-0.0897255,2.41982
1.4875,3.16452,-0.275299,2.41187
1.48875,3.16494,-0.452323,2.40725
1.49,3.16713,-0.614336,2.40668
1.49125,3.17078,-0.755338,2.41032
1.4925,3.17541,-0.8701,2.4177
1.49375,3.18038,-0.954435,2.42775
1.495,3.18496,-1.0054,2.43898
1.49625,3.18846,-1.02138,2.44974
1.4975,3.19035,-1.00212,2.45849
1.49875,3.19038,-0.948585,2.46404
1.5,3.18855,-0.862879,2.46571
1.50125,3.18515,-0.748046,2.46332
1.5025,3.18066,-0.60797,2.4572
1.50375,3.17568,-0.447271,2.44814
1.505,3.17091,-0.271236,2.43731
1.50625,3.16703,-0.08575,2.42614
1.5075,3.16458,0.102814,2.41613
1.50875,3.16392,0.287772,2.40869
1.51,3.16515,0.462373,2.40491
1.51125,3.16811,0.620099,2.40539
1.5125,3.17238,0.755001,2.4101
1.51375,3.17739,0.862023,2.41836
1.515,3.18242,0.937274,2.42896
1.51625,3.18672,0.978202,2.44029
1.5175,3.18968,0.98366,2.4507
1.51875,3.19086,0.953863,2.45874
1.52,3.19015,0.890256,2.46336
1.52125,3.18769,0.795349,2.46405
1.5225,3.18388,0.672554,2.46082
1.52375,3.17928,0.526048,2.45416
1.525,3.17451,0.360684,2.44498
1.52625,3.17021,0.181911,2.43449
1.5275,3.16698,-0.004299,2.42412
1.52875,3.16525,-0.191574,2.4153
1.53,3.16525,-0.373319,2.40931
1.53125,3.16699,-0.542965,2.40706
1.5325,3.17022,-0.694256,2.40894
1.53375,3.1745,-0.821565,2.41474
1.535,3.17925,-0.920193,2.42366
1.53625,3.1838,-0.986603,2.43437
1.5375,3.18747,-1.01857,2.4453
1.53875,3.1897,-1.01524,2.45485
1.54,3.19016,-0.977033,2.4617
1.54125,3.18878,-0.905574,2.46495
1.5425,3.18578,-0.803503,2.46422
1.54375,3.18161,-0.674343,2.45964
1.545,3.17684,-0.522388,2.45183
1.54625,3.17212,-0.352631,2.44179
1.5475,3.16811,-0.170686,2.4308
1.54875,3.16536,0.0172851,2.42033
1.55,3.16429,0.20472,2.41183
1.55125,3.16507,0.384865,2.40654
1.5525,3.16759,0.551054,2.40525
1.55375,3.17151,0.697031,2.40821
1.555,3.17629,0.817287,2.415
1.55625,3.18125,0.907365,2.42464
1.5575,3.18569,0.964085,2.43567
1.55875,3.18894,0.98566,2.44646
1.56,3.19054,0.971703,2.45547
1.56125,3.19027,0.92313,2.46147
1.5625,3.18822,0.841997,2.46375
1.56375,3.18471,0.731335,2.4621
1.565,3.1803,0.594994,2.45683
1.56625,3.17559,0.437532,2.4487
1.5675,3.17122,0.264131,2.43877
1.56875,3.16777,0.0805315,2.42837
1.57,3.16572,-0.107064,2.41893
1.57125,3.16533,-0.29214,2.41177
1.5725,3.16668,-0.468084,2.40798
1.57375,3.16957,-0.628455,2.40817
1.575,3.17361,-0.767298,2.41238
1.57625,3.17825,-0.879449,2.42004
1.5775,3.18283,-0.960811,2.43005
1.57875,3.1867,-1.00855,2.44091
1.58,3.18928,-1.02119,2.45105
1.58125,3.19016,-0.998592,2.45901
1.5825,3.18921,-0.941865,2.46372
1.58375,3.18657,-0.853213,2.46458
1.585,3.18263,-0.735785,2.46154
1.58625,3.17796,-0.593544,2.45503
1.5875,3.1732,-0.431173,2.44589
1.58875,3.16901,-0.254012,2.43528
1.59,3.16594,-0.0679805,2.42459
1.59125,3.16446,0.120524,2.41526
1.5925,3.16479,0.30481,2.40863
1.59375,3.16691,0.478134,2.4057
1.595,3.17054,0.634009,2.40693
1.59625,3.17517,0.76654,2.41219
1.5975,3.18015,0.870752,2.42072
1.59875,3.18477,0.942859,2.43124
1.6,3.18837,0.980432,2.44218
1.60125,3.19041,0.98246,2.45195
1.6025,3.19061,0.949289,2.45919
1.60375,3.18896,0.882492,2.46297
1.605,3.18573,0.784688,2.46288
1.60625,3.18143,0.659382,2.45903
1.6075,3.17669,0.510826,2.45202
1.60875,3.17216,0.343931,2.44278
1.61,3.16844,0.164191,2.43255
1.61125,3.16601,-0.0223926,2.42268
1.6125,3.16522,-0.209428,2.41457
1.61375,3.16616,-0.39032,2.40939
1.615,3.16874,-0.558514,2.40796
1.61625,3.17259,-0.707792,2.41056
1.6175,3.17719,-0.832588,2.41688
1.61875,3.18189,-0.928287,2.42601
1.62,3.18603,-0.99146,2.43661
1.62125,3.189,-1.02001,2.44711
1.6225,3.19034,-1.0132,2.45601
1.62375,3.18985,-0.971602,2.46205
1.625,3.18757,-0.896953,2.46446
1.62625,3.18385,-0.792003,2.46296
1.6275,3.17923,-0.660367,2.45779
1.62875,3.17435,-0.506419,2.44965
1.63,3.16989,-0.335209,2.43958
1.63125,3.16645,-0.152402,2.42886
1.6325,3.16451,0.0358078,2.41893
1.63375,3.16435,0.222841,2.41115
1.635,3.16604,0.401944,2.40668
1.63625,3.16937,0.566476,2.40622
1.6375,3.17388,0.710227,2.40989
1.63875,3.17894,0.827764,2.41718
1.64,3.18382,0.914729,2.427
1.64125,3.18782,0.968061,2.43789
1.6425,3.19037,0.986107,2.44823
1.64375,3.19109,0.968618,2.45655
1.645,3.1899,0.91664,2.46174
1.64625,3.18699,0.832351,2.46319
1.6475,3.18281,0.718885,2.4608
1.64875,3.17799,0.580177,2.45498
1.65,3.17322,0.420855,2.44656
1.65125,3.16913,0.24616,2.43664
1.6525,3.16626,0.0618718,2.42655
1.65375,3.16499,-0.12578,2.41766
1.655,3.16549,-0.310269,2.41124
1.65625,3.1677,-0.484992,2.40827
1.6575,3.17134,-0.643538,2.40926
1.65875,3.17592,-0.780006,2.41415
1.66,3.1808,-0.889312,2.42225
1.66125,3.18528,-0.967461,2.43239
1.6625,3.18872,-1.01174,2.44306
1.66375,3.19059,-1.0208,2.45271
1.665,3.19063,-0.994649,2.45997
1.66625,3.18879,-0.934513,2.46386
1.6675,3.18533,-0.84272,2.46391
1.66875,3.18076,-0.72252,2.46015
1.67,3.17573,-0.577962,2.45311
1.67125,3.17094,-0.413806,2.44371
1.6725,3.16704,-0.235447,2.43314
1.67375,3.16456,-0.0488526,2.42279
1.675,3.16385,0.139554,2.41405
1.67625,3.16504,0.323072,2.40818
1.6775,3.168,0.494972,2.40607
1.67875,3.17235,0.648808,2.40811
1.68,3.17748,0.778753,2.41403
1.68125,3.18266,0.879925,2.42297
1.6825,3.18714,0.948652,2.43358
1.68375,3.19028,0.98264,2.44429
1.685,3.19162,0.981015,2.45354
1.68625,3.19098,0.944261,2.46007
1.6875,3.18847,0.874078,2.46303
1.68875,3.18448,0.773198,2.46214
1.69,3.17961,0.645222,2.45761
1.69125,3.17455,0.494484,2.45011
1.6925,3.17002,0.325962,2.44067
1.69375,3.16661,0.145201,2.43052
1.695,3.16477,-0.0417572,2.42103
1.69625,3.16473,-0.228503,2.41352
1.6975,3.1665,-0.408439,2.40909
1.69875,3.16987,-0.575034,2.40848
1.7,3.17438,-0.722116,2.41185
1.70125,3.17943,-0.844192,2.41878
1.7025,3.18429,-0.936743,2.42826
1.70375,3.18827,-0.996458,2.4389
1.705,3.19078,-1.02137,2.44913
1.70625,3.19144,-1.01088,2.45747
1.7075,3.19013,-0.965696,2.46279
1.70875,3.18704,-0.887676,2.46438
1.71,3.1826,-0.779682,2.4621
1.71125,3.17744,-0.645426,2.45627
1.7125,3.17229,-0.489366,2.44769
1.71375,3.16786,-0.316622,2.43744
1.715,3.16475,-0.132914,2.42685
1.71625,3.1634,0.0555224,2.41732
1.7175,3.16399,0.24209,2.41018
1.71875,3.16649,0.42004,2.40649
1.72,3.17058,0.582759,2.40685
1.72125,3.17571,0.724098,2.41128
1.7225,3.18117,0.83871,2.41915
1.72375,3.18616,0.922349,2.42928
1.725,3.18997,0.972082,2.44016
1.72625,3.19203,0.986398,2.45017
1.7275,3.19207,0.965188,2.45792
1.72875,3.19009,0.909632,2.46237
1.73,3.1864,0.822028,2.46302
1.73125,3.18155,0.705615,2.45987
1.7325,3.17626,0.564419,2.45345
1.73375,3.17126,0.403146,2.44463
1.735,3.16723,0.227098,2.43459
1.73625,3.16471,0.0421032,2.42467
1.7375,3.16402,-0.145576,2.41622
1.73875,3.16524,-0.329404,2.41044
1.74,3.16821,-0.502786,2.40825
1.74125,3.17257,-0.659353,2.41003
1.7425,3.17772,-0.793265,2.41563
1.74375,3.18295,-0.899531,2.42426
1.745,3.18751,-0.974268,2.43464
1.74625,3.19073,-1.01489,2.44525
1.7475,3.19213,-1.0202,2.45454
1.74875,3.19149,-0.990318,2.4612
1.75,3.18889,-0.92662,2.46434
1.75125,3.1847,-0.831546,2.46359
1.7525,3.1795,-0.70845,2.4591
1.75375,3.17403,-0.561475,2.45149
1.755,3.16906,-0.395458,2.44173
1.75625,3.16525,-0.215862,2.43108
1.7575,3.16314,-0.0287033,2.42094
1.75875,3.16302,0.159562,2.41268
1.76,3.16492,0.342223,2.40749
1.76125,3.16863,0.512573,2.40617
1.7625,3.17365,0.66421,2.409
1.76375,3.1793,0.791388,2.4156
1.765,3.18478,0.88933,2.42502
1.76625,3.18929,0.954491,2.43583
1.7675,3.19218,0.984716,2.44643
1.76875,3.19302,0.979275,2.45528
1.77,3.19172,0.938791,2.46118
1.77125,3.18849,0.865091,2.46339
1.7725,3.1838,0.76102,2.46173
1.77375,3.17835,0.630278,2.45651
1.775,3.17292,0.477283,2.44849
1.77625,3.16825,0.307083,2.43874
1.7775,3.16497,0.125285,2.42857
1.77875,3.1635,-0.0620297,2.41934
1.78,3.16403,-0.248427,2.41233
1.78125,3.16648,-0.427311,2.40859
1.7825,3.17054,-0.592175,2.40874
1.78375,3.17569,-0.736905,2.41287
1.785,3.1812,-0.856089,2.42043
1.78625,3.18632,-0.945318,2.43033
1.7875,3.1903,-1.00141,2.4411
1.78875,3.19254,-1.02252,2.45116
1.79,3.19271,-1.00822,2.45906
1.79125,3.19076,-0.959317,2.46373
1.7925,3.18697,-0.877816,2.46458
1.79375,3.18187,-0.766684,2.46154
1.795,3.17619,-0.629733,2.45506
1.79625,3.1707,-0.471505,2.44598
1.7975,3.16617,-0.297197,2.43548
1.79875,3.16322,-0.112589,2.42491
1.8,3.16226,0.0760401,2.41568
1.80125,3.16343,0.26207,2.40908
1.8025,3.16659,0.438759,2.4061
1.80375,3.17135,0.599529,2.40724
1.805,3.17707,0.7383,2.41241
1.80625,3.18295,0.849822,2.42087
1.8075,3.18814,0.92997,2.43137
1.80875,3.1919,0.975952,2.44232
1.81,3.19367,0.986401,2.45212
1.81125,3.19321,0.961351,2.45939
1.8125,3.1906,0.902115,2.46319
1.81375,3.18625,0.811112,2.4631
1.815,3.1808,0.691685,2.45923
1.81625,3.17503,0.547952,2.45219
1.8175,3.16975,0.384696,2.44294
1.81875,3.16567,0.207286,2.43271
1.82,3.16333,0.0216058,2.42287
1.82125,3.16303,-0.16605,2.41475
1.8225,3.16479,-0.349132,2.40954
1.82375,3.1684,-0.521063,2.40804
1.825,3.17338,-0.675515,2.41058
1.82625,3.17906,-0.806724,2.41687
1.8275,3.18466,-0.909798,2.42603
1.82875,3.18938,-0.980978,2.43671
1.83,3.19253,-1.01782,2.44733
1.83125,3.19362,-1.01925,2.45635
1.8325,3.19249,-0.985545,2.4625
1.83375,3.18929,-0.918206,2.46498
1.835,3.18447,-0.819788,2.4635
1.83625,3.17871,-0.69375,2.45832
1.8375,3.17282,-0.544327,2.45013
1.83875,3.1676,-0.376437,2.43998
1.84,3.16378,-0.195612,2.42919
1.84125,3.16187,-0.00792668,2.41918
1.8425,3.16216,0.180131,2.4113
1.84375,3.16461,0.361844,2.4067
1.845,3.16893,0.530524,2.4061
1.84625,3.17454,0.679829,2.40967
1.8475,3.18067,0.804097,2.41694
1.84875,3.18647,0.898668,2.42684
1.85,3.19109,0.960132,2.4379
1.85125,3.19386,0.98648,2.44845
1.8525,3.19438,0.97713,2.45698
1.85375,3.19259,0.932844,2.46235
1.855,3.18877,0.855572,2.4639
1.85625,3.1835,0.748274,2.46153
1.8575,3.17755,0.614742,2.45566
1.85875,3.17175,0.459482,2.44711
1.86,3.16689,0.287615,2.43705
1.86125,3.16362,0.104808,2.42679
1.8625,3.16238,-0.0828115,2.41773
1.86375,3.1633,-0.268784,2.41113
1.865,3.16628,-0.446517,2.40799
1.86625,3.17091,-0.609534,2.40885
1.8675,3.17659,-0.751783,2.41369
1.86875,3.18254,-0.867945,2.42185
1.87,3.18793,-0.953726,2.43216
1.87125,3.19198,-1.00608,2.4431
1.8725,3.19408,-1.02331,2.45306
1.87375,3.19392,-1.00511,2.46061
1.875,3.19149,-0.952446,2.46472
1.87625,3.18715,-0.867432,2.4649
1.8775,3.18151,-0.753144,2.46117
1.87875,3.17536,-0.613494,2.45407
1.88,3.16955,-0.453109,2.44451
1.88125,3.16488,-0.277261,2.43374
1.8825,3.16198,-0.0917972,2.42314
1.88375,3.16126,0.0969592,2.41413
1.885,3.16284,0.282366,2.40799
1.88625,3.16652,0.45769,2.40564
1.8875,3.17182,0.616394,2.40749
1.88875,3.17803,0.752473,2.41334
1.89,3.18429,0.860783,2.42237
1.89125,3.1897,0.93733,2.43323
1.8925,3.19349,0.979468,2.44429
1.89375,3.19508,0.985979,2.45393
1.895,3.19428,0.957041,2.46081
1.89625,3.1912,0.894098,2.46404
1.8975,3.18633,0.799686,2.46329
1.89875,3.18038,0.67725,2.45877
1.9,3.17421,0.530996,2.45116
1.90125,3.16866,0.365787,2.44149
1.9025,3.16447,0.187059,2.43105
1.90375,3.16221,0.000750539,2.42123
1.905,3.16216,-0.186807,2.41338
1.90625,3.16432,-0.369054,2.40864
1.9075,3.16841,-0.539429,2.40777
1.90875,3.17388,-0.691653,2.41099
1.91,3.18001,-0.820045,2.41791
1.91125,3.18594,-0.91982,2.42757
1.9125,3.19084,-0.98735,2.43854
1.91375,3.19398,-1.02033,2.44921
1.915,3.19489,-1.01784,2.45801
1.91625,3.19342,-0.980286,2.46374
1.9175,3.18977,-0.909298,2.46564
1.91875,3.18446,-0.807545,2.46351
1.92,3.17825,-0.678587,2.4577
1.92125,3.17199,-0.526749,2.44897
1.9225,3.16655,-0.35703,2.43846
1.92375,3.16266,-0.175034,2.42751
1.925,3.16086,0.0131093,2.41757
1.92625,3.16142,0.200877,2.41001
1.9275,3.16427,0.381545,2.40592
1.92875,3.16905,0.548451,2.40596
1.93,3.17513,0.695314,2.41021
1.93125,3.18166,0.816567,2.41809
1.9325,3.18774,0.907673,2.42844
1.93375,3.19248,0.965366,2.43972
1.935,3.19521,0.987786,2.45025
1.93625,3.19551,0.974498,2.45853
1.9375,3.19338,0.926404,2.46344
1.93875,3.18913,0.845576,2.46441
1.94,3.18341,0.735078,2.46142
1.94125,3.17706,0.598798,2.45496
1.9425,3.17094,0.441323,2.44594
1.94375,3.16591,0.267847,2.43557
1.945,3.16261,0.084099,2.42521
1.94625,3.16149,-0.103747,2.41628
1.9475,3.16268,-0.289207,2.41003
1.94875,3.16603,-0.465692,2.40741
1.95,3.17109,-0.626762,2.4089
1.95125,3.17718,-0.76643,2.41436
1.9525,3.18349,-0.879478,2.42307
1.95375,3.18911,-0.961735,2.43376
1.955,3.19325,-1.01029,2.44486
1.95625,3.19529,-1.0236,2.45474
1.9575,3.19491,-1.0015,2.46199
1.95875,3.19215,-0.94509,2.46563
1.96,3.18741,-0.856592,2.46523
1.96125,3.18135,-0.739194,2.46089
1.9625,3.17484,-0.596899,2.45323
1.96375,3.16876,-0.43442,2.44324
1.965,3.16395,-0.257104,2.43221
1.96625,3.16105,-0.0708619,2.42157
1.9675,3.16049,0.117936,2.41275
1.96875,3.16234,0.302628,2.40699
1.97,3.16639,0.476489,2.40519
1.97125,3.1721,0.633028,2.40767
1.9725,3.17869,0.766323,2.41414
1.97375,3.18525,0.871342,2.42367
1.975,3.19085,0.944228,2.43485
1.97625,3.19467,0.982484,2.44601
1.9775,3.19617,0.985044,2.45552
1.97875,3.19513,0.952229,2.46206
1.98,3.19173,0.885612,2.4648
1.98125,3.18649,0.78784,2.46348
1.9825,3.18017,0.662454,2.45839
1.98375,3.17368,0.513749,2.45027
1.985,3.16791,0.346662,2.44023
1.98625,3.16362,0.166697,2.4296
1.9875,3.16139,-0.0201549,2.41979
1.98875,3.1615,-0.207525,2.41217
1.99,3.16393,-0.388843,2.40784
1.99125,3.16835,-0.557568,2.40751
1.9925,3.17419,-0.707477,2.41133
1.99375,3.18066,-0.83297,2.41881
1.995,3.18685,-0.929381,2.42891
1.99625,3.19189,-0.993217,2.44013
1.9975,3.19505,-1.02232,2.45083
1.99875,3.19584,-1.01591,2.45946
2,3.19414,-0.974532,2.46481
